#,Blog Title,Primary Keyword,Search Intent,Content Cluster,Target Audience,Career Stage,Tier,Difficulty,Traffic Potential,Conversion Potential,TailorCV Relevance,TailorCV Feature,URL Slug,Image Filename,Internal Links
1,Why Your Resume Scores Low on ATS but Reads Perfectly to a Human,resume ats score low but looks good,Informational,ATS Optimization,Active applicants,Mid-career,Tier 1,Medium,High,Very High,Very High,ATS score + scan,resume-scores-low-but-reads-well,resume-scores-low-but-reads-well.png,how-to-read-your-ats-report; ats-score-dropped-after-edit
2,"What Counts as a Good ATS Score, and When to Stop Optimizing",what is a good ats score percentage,Informational,ATS Optimization,Active applicants,All,Tier 1,Medium,High,Very High,Very High,ATS score + scan,good-ats-score-when-to-stop,good-ats-score-when-to-stop.png,ats-diminishing-returns; high-ats-score-no-interviews
3,My ATS Score Dropped After I Edited My Resume — What Happened,ats score went down after editing,Informational,ATS Optimization,Active applicants,All,Tier 1,Low,Medium,Very High,Very High,ATS score + scan,ats-score-dropped-after-edit,ats-score-dropped-after-edit.png,resume-scores-low-but-reads-well
4,How to Read an ATS Report Without Chasing Every Missing Keyword,how to read ats report,Informational,ATS Optimization,Active applicants,All,Tier 1,Low,Medium,Very High,Very High,ATS score + scan,how-to-read-your-ats-report,how-to-read-your-ats-report.png,ats-missing-skills-to-ignore
5,Missing Keywords Your ATS Scan Flags That You Should Ignore,ats missing keywords ignore,Informational,ATS Optimization,Active applicants,All,Tier 1,Low,Medium,Very High,Very High,ATS score + scan,ats-missing-skills-to-ignore,ats-missing-skills-to-ignore.png,how-to-read-your-ats-report; missing-required-skill-what-to-do
6,The Point Where More Keywords Stop Helping Your Score,ats keyword diminishing returns,Informational,ATS Optimization,Active applicants,All,Tier 2,Low,Medium,High,High,JD keyword extraction,ats-diminishing-returns,ats-diminishing-returns.png,keyword-stuffing-vs-coverage
7,"High ATS Score, Still No Interviews: What to Check Next",high ats score no interview,Informational,ATS Optimization,Active applicants,All,Tier 1,Medium,High,Very High,Very High,Resume tailoring (JD match),high-ats-score-no-interviews,high-ats-score-no-interviews.png,resume-scores-low-but-reads-well; weak-bullets-behind-good-score
8,A Strong Score With Weak Bullets: The Gap Scanners Can't See,ats score vs bullet quality,Informational,ATS Optimization,Active applicants,Mid-career,Tier 1,Low,Medium,Very High,Very High,Bullet rewrite / quantification,weak-bullets-behind-good-score,weak-bullets-behind-good-score.png,high-ats-score-no-interviews
9,ATS Score vs Recruiter Judgment: Which One Actually Gets the Call,ats score vs recruiter opinion,Informational,ATS Optimization,Active applicants,All,Tier 1,Low,Medium,High,Very High,ATS score + scan,ats-score-vs-recruiter-judgment,ats-score-vs-recruiter-judgment.png,good-ats-score-when-to-stop
10,Why Two ATS Checkers Give You Two Different Scores,different ats checkers different scores,Informational,ATS Optimization,Active applicants,All,Tier 1,Low,Medium,High,Very High,ATS score + scan,why-ats-checkers-disagree,why-ats-checkers-disagree.png,good-ats-score-when-to-stop
11,How Many Keywords Should You Actually Add to a Resume,how many keywords on a resume,Informational,ATS Optimization,Active applicants,All,Tier 1,Medium,High,High,Very High,JD keyword extraction,how-many-keywords-on-resume,how-many-keywords-on-resume.png,where-to-place-keywords-resume; keyword-stuffing-vs-coverage
12,Where to Place Keywords on a Resume So They Actually Count,where to put keywords on resume,Informational,ATS Optimization,Active applicants,All,Tier 1,Medium,High,High,Very High,JD keyword extraction,where-to-place-keywords-resume,where-to-place-keywords-resume.png,how-many-keywords-on-resume
13,Exact Keyword or Synonym: Which One Does the ATS Credit,ats exact match vs synonym,Informational,ATS Optimization,Active applicants,All,Tier 1,Low,Medium,High,Very High,JD keyword extraction,ats-exact-match-vs-synonym,ats-exact-match-vs-synonym.png,acronym-or-full-term-on-resume
14,Keyword Stuffing vs Keyword Coverage: The Line Recruiters Notice,resume keyword stuffing penalty,Informational,ATS Optimization,Active applicants,All,Tier 1,Medium,High,High,Very High,JD keyword extraction,keyword-stuffing-vs-coverage,keyword-stuffing-vs-coverage.png,white-text-keyword-trick
15,Acronym or Full Term? Writing Skills Both the Parser and Recruiter Read,resume acronyms vs full terms ats,Informational,ATS Optimization,Active applicants,All,Tier 2,Low,Medium,Medium,High,JD keyword extraction,acronym-or-full-term-on-resume,acronym-or-full-term-on-resume.png,ats-exact-match-vs-synonym
16,Hidden White Text Keywords: Why This Trick Gets You Blacklisted,white text resume keywords,Informational,ATS Optimization,Active applicants,All,Tier 1,Low,High,High,Very High,ATS score + scan,white-text-keyword-trick,white-text-keyword-trick.png,keyword-stuffing-vs-coverage
17,Should You Use the Exact Job Title From the Posting?,use job title from posting on resume,Informational,ATS Optimization,Active applicants,All,Tier 1,Medium,High,Very High,Very High,Resume tailoring (JD match),use-posting-job-title,use-posting-job-title.png,nonstandard-job-title-fix
18,Your Internal Job Title Doesn't Match the Market — How to Fix It,internal job title vs standard title,Informational,ATS Optimization,Mid-career professionals,Mid-career,Tier 1,Low,Medium,High,Very High,Resume tailoring (JD match),nonstandard-job-title-fix,nonstandard-job-title-fix.png,use-posting-job-title
19,Seniority Words in a JD and What They Change on Your Resume,seniority keywords job description,Informational,ATS Optimization,Senior professionals,Senior,Tier 2,Low,Medium,High,High,Resume tailoring (JD match),seniority-keywords-resume,seniority-keywords-resume.png,overqualified-signals-to-soften
20,Hard Skills vs Soft Skills: Which Ones the Parser Actually Scores,hard vs soft skills ats,Informational,ATS Optimization,Active applicants,All,Tier 2,Medium,High,High,High,JD keyword extraction,hard-vs-soft-skills-ats,hard-vs-soft-skills-ats.png,soft-skills-that-are-not-keywords
21,Soft Skills That Never Help Your ATS Score (Write These Instead),soft skills resume ats useless,Informational,ATS Optimization,Active applicants,All,Tier 2,Low,Medium,High,High,Bullet rewrite / quantification,soft-skills-that-are-not-keywords,soft-skills-that-are-not-keywords.png,hard-vs-soft-skills-ats
22,"Tools, Frameworks and Versions: How Specific Should Your Skills Be",resume list tool versions,Informational,ATS Optimization,Tech applicants,All,Tier 2,Low,Medium,High,High,JD keyword extraction,how-specific-should-skills-be,how-specific-should-skills-be.png,hard-vs-soft-skills-ats
23,Two-Column Resumes and ATS: When They're Safe and When They Break,two column resume ats safe,Informational,ATS Optimization,Active applicants,All,Tier 1,Medium,High,High,Very High,Resume templates + PDF render,two-column-resume-ats-safe,two-column-resume-ats-safe.png,do-icons-break-ats; resume-headers-footers-parsing
24,Why Headers and Footers Vanish in ATS Parsing,resume header footer ats problem,Informational,ATS Optimization,Active applicants,All,Tier 2,Low,Medium,High,High,Resume templates + PDF render,resume-headers-footers-parsing,resume-headers-footers-parsing.png,contact-details-disappear-ats
25,Your Contact Details Disappeared in Parsing — Here's Why,ats cannot read contact information,Informational,ATS Optimization,Active applicants,All,Tier 2,Low,Medium,High,High,ATS score + scan,contact-details-disappear-ats,contact-details-disappear-ats.png,resume-headers-footers-parsing
26,Do Icons and Symbols Break an ATS Resume?,do icons break ats resume,Informational,ATS Optimization,Active applicants,All,Tier 2,Low,Medium,High,High,Resume templates + PDF render,do-icons-break-ats,do-icons-break-ats.png,two-column-resume-ats-safe
27,Putting Skills in a Table: What Really Happens in the Parser,resume skills table ats,Informational,ATS Optimization,Active applicants,All,Tier 2,Low,Medium,High,High,Resume templates + PDF render,skills-table-parsing,skills-table-parsing.png,do-icons-break-ats
28,Resume Fonts That Survive ATS Parsing (and Ones That Don't),best resume font for ats,Informational,ATS Optimization,Active applicants,All,Tier 2,Medium,High,Medium,High,Resume templates + PDF render,ats-safe-resume-fonts,ats-safe-resume-fonts.png,two-column-resume-ats-safe
29,"Bullet Characters, Dashes and Symbols That Confuse Parsers",resume bullet symbols ats,Informational,ATS Optimization,Active applicants,All,Tier 3,Low,Low,Medium,Medium,Resume templates + PDF render,bullet-symbols-that-break-parsing,bullet-symbols-that-break-parsing.png,ats-safe-resume-fonts
30,Date Formats on a Resume: The One the ATS Reads Correctly,resume date format ats,Informational,ATS Optimization,Active applicants,All,Tier 2,Low,Medium,High,High,Resume templates + PDF render,resume-date-format-ats,resume-date-format-ats.png,employment-dates-parsed-wrong
31,Your Employment Dates Parsed Wrong and Shortened Your Experience,ats wrong employment dates,Informational,ATS Optimization,Active applicants,Mid-career,Tier 1,Low,Medium,High,Very High,ATS score + scan,employment-dates-parsed-wrong,employment-dates-parsed-wrong.png,resume-date-format-ats; parsing-errors-delete-a-job
32,Parsing Errors That Silently Delete an Entire Job,resume parsing deleted job,Informational,ATS Optimization,Active applicants,All,Tier 1,Low,Medium,High,Very High,ATS score + scan,parsing-errors-delete-a-job,parsing-errors-delete-a-job.png,employment-dates-parsed-wrong
33,The 30-Second Copy-Paste Test for ATS Readability,resume copy paste test,Informational,ATS Optimization,Active applicants,All,Tier 1,Low,Medium,High,Very High,ATS score + scan,copy-paste-ats-test,copy-paste-ats-test.png,test-resume-machine-readable
34,How to Test Whether Your Resume Is Machine-Readable,test if resume is ats readable,Transactional,ATS Optimization,Active applicants,All,Tier 1,Medium,High,Very High,Very High,ATS score + scan,test-resume-machine-readable,test-resume-machine-readable.png,copy-paste-ats-test
35,Your Resume Looks Fine in Word and Breaks in the Portal,resume looks different after upload,Informational,ATS Optimization,Active applicants,All,Tier 2,Low,Medium,High,High,Resume templates + PDF render,resume-breaks-after-upload,resume-breaks-after-upload.png,pdf-vs-docx-which-parses-better
36,PDF or DOCX: Which One Parses More Reliably in 2026,pdf or docx for ats,Informational,ATS Optimization,Active applicants,All,Tier 1,High,High,High,Very High,Resume templates + PDF render,pdf-vs-docx-which-parses-better,pdf-vs-docx-which-parses-better.png,resume-breaks-after-upload
37,Why a Scanned or Exported-From-Canva Resume Scores Zero,canva resume ats problem,Informational,ATS Optimization,Active applicants,All,Tier 1,Medium,High,High,Very High,Resume templates + PDF render,canva-and-image-resumes-ats,canva-and-image-resumes-ats.png,pdf-vs-docx-which-parses-better
38,"Resume Margins, Spacing and Length the Parser Doesn't Care About",resume margins ats myth,Informational,ATS Optimization,Active applicants,All,Tier 3,Low,Medium,Medium,Medium,Resume templates + PDF render,formatting-ats-doesnt-care-about,formatting-ats-doesnt-care-about.png,ats-safe-resume-fonts
39,Section Headings the ATS Recognizes (and Creative Ones It Doesn't),resume section headings ats,Informational,ATS Optimization,Active applicants,All,Tier 2,Medium,Medium,High,High,Resume templates + PDF render,section-headings-ats-recognizes,section-headings-ats-recognizes.png,how-ats-parses-section-order
40,Does the ATS Read Your Skills Section First? Parsing Order Explained,how ats parses resume sections,Informational,ATS Optimization,Active applicants,All,Tier 2,Low,Medium,High,High,ATS score + scan,how-ats-parses-section-order,how-ats-parses-section-order.png,section-headings-ats-recognizes
41,Naming Your Resume File: What the Recruiter Sees in Their Inbox,resume file name ats,Informational,ATS Optimization,Active applicants,All,Tier 3,Medium,Medium,Medium,Medium,Resume templates + PDF render,resume-file-naming-recruiter-view,resume-file-naming-recruiter-view.png,resume-breaks-after-upload
42,Knockout Questions: The Real Reason You Were Rejected in Minutes,ats knockout questions,Informational,ATS Optimization,Active applicants,All,Tier 1,Low,Medium,High,High,ATS score + scan,knockout-questions-explained,knockout-questions-explained.png,rejected-within-an-hour
43,Rejected Within an Hour: What Actually Happened,rejected same day application,Informational,ATS Optimization,Active applicants,All,Tier 1,Medium,High,High,Very High,ATS score + scan,rejected-within-an-hour,rejected-within-an-hour.png,knockout-questions-explained
44,Do Recruiters Ever See a Low-Scoring Resume?,do recruiters see low ats score,Informational,ATS Optimization,Active applicants,All,Tier 2,Low,Medium,High,High,ATS score + scan,do-recruiters-see-low-scores,do-recruiters-see-low-scores.png,ats-score-vs-recruiter-judgment
45,"How Long an ATS Keeps Your Resume, and What a Talent Pool Means",how long does ats keep resume,Informational,ATS Optimization,Active applicants,All,Tier 3,Low,Medium,Low,Medium,Multi-version resume management,how-long-ats-keeps-resume,how-long-ats-keeps-resume.png,applying-twice-same-company
46,Applying Twice to the Same Company: What the ATS Remembers,apply twice same company,Informational,ATS Optimization,Active applicants,All,Tier 2,Low,Medium,Medium,Medium,Multi-version resume management,applying-twice-same-company,applying-twice-same-company.png,how-long-ats-keeps-resume
47,Should You Apply if You Match Only Half the Requirements?,apply if you meet half requirements,Informational,ATS Optimization,Active applicants,All,Tier 1,High,High,High,Very High,Resume tailoring (JD match),apply-at-half-the-requirements,apply-at-half-the-requirements.png,required-vs-preferred-decoded
48,Required vs Preferred Qualifications: Which to Chase,required vs preferred qualifications,Informational,ATS Optimization,Active applicants,All,Tier 1,Medium,High,High,Very High,Resume tailoring (JD match),required-vs-preferred-decoded,required-vs-preferred-decoded.png,apply-at-half-the-requirements
49,Years of Experience: What the Filter Does With 4 When It Says 5,years of experience filter ats,Informational,ATS Optimization,Active applicants,Early-career,Tier 1,Medium,High,High,Very High,Resume tailoring (JD match),years-of-experience-filter,years-of-experience-filter.png,required-vs-preferred-decoded
50,Degree Requirements and the ATS When You Don't Have One,no degree ats filter,Informational,ATS Optimization,Self-taught professionals,All,Tier 1,Medium,High,High,Very High,Resume tailoring (JD match),no-degree-ats-filter,no-degree-ats-filter.png,years-of-experience-filter
51,How SuccessFactors Parses Your Resume Differently,successfactors resume tips,Informational,ATS Optimization,Enterprise applicants,All,Tier 2,Low,Medium,High,High,ATS score + scan,successfactors-resume-parsing,successfactors-resume-parsing.png,workday-profile-vs-resume
52,Oracle Recruiting Cloud: Formatting That Survives the Import,oracle recruiting cloud resume,Informational,ATS Optimization,Enterprise applicants,All,Tier 3,Low,Low,Medium,Medium,ATS score + scan,oracle-recruiting-cloud-resume,oracle-recruiting-cloud-resume.png,successfactors-resume-parsing
53,BambooHR and Small-Company ATS: What Changes,bamboohr resume tips,Informational,ATS Optimization,SMB applicants,All,Tier 3,Low,Low,Medium,Medium,ATS score + scan,bamboohr-smb-ats-resume,bamboohr-smb-ats-resume.png,startup-vs-enterprise-ats
54,"Startup ATS vs Enterprise ATS: Different Rules, Different Resume",startup vs enterprise ats,Informational,ATS Optimization,Active applicants,All,Tier 2,Low,Medium,High,High,Resume tailoring (JD match),startup-vs-enterprise-ats,startup-vs-enterprise-ats.png,bamboohr-smb-ats-resume
55,Why Workday Makes You Retype Everything (and What It Scores),workday profile vs resume,Informational,ATS Optimization,Enterprise applicants,All,Tier 1,Medium,High,High,Very High,ATS score + scan,workday-profile-vs-resume,workday-profile-vs-resume.png,successfactors-resume-parsing
56,"SmartRecruiters, Jobvite and Breezy: Quick Formatting Notes",smartrecruiters resume format,Informational,ATS Optimization,Active applicants,All,Tier 3,Low,Low,Medium,Medium,ATS score + scan,smaller-ats-formatting-notes,smaller-ats-formatting-notes.png,startup-vs-enterprise-ats
57,AI Resume Screeners vs Keyword ATS: What Changed in 2026,ai resume screening 2026,Informational,ATS Optimization,Active applicants,All,Tier 1,High,High,High,Very High,ATS score + scan,ai-screeners-vs-keyword-ats,ai-screeners-vs-keyword-ats.png,semantic-matching-explained
58,"Semantic Matching: How AI Screeners Understand Meaning, Not Words",semantic resume matching,Informational,ATS Optimization,Active applicants,All,Tier 1,Medium,Medium,High,Very High,Resume tailoring (JD match),semantic-matching-explained,semantic-matching-explained.png,ai-screeners-vs-keyword-ats
59,Can an AI Screener Tell Your Resume Was Written by AI?,ai detect ai written resume,Informational,ATS Optimization,Active applicants,All,Tier 1,High,High,High,Very High,Resume tailoring (JD match),can-screeners-detect-ai-resumes,can-screeners-detect-ai-resumes.png,ai-resume-sounds-generic-fix
60,Your AI-Written Resume Sounds Generic — How to Put Yourself Back In,ai resume sounds generic,Informational,ATS Optimization,Active applicants,All,Tier 1,Medium,High,Very High,Very High,Bullet rewrite / quantification,ai-resume-sounds-generic-fix,ai-resume-sounds-generic-fix.png,can-screeners-detect-ai-resumes
61,Prompt Injection in Resumes: Why 'Ignore Previous Instructions' Fails,resume prompt injection,Informational,ATS Optimization,Active applicants,All,Tier 2,Low,Medium,Medium,High,ATS score + scan,resume-prompt-injection-myth,resume-prompt-injection-myth.png,white-text-keyword-trick
62,Will an AI Screener Penalize a Career Gap? What It Sees,ai screening career gap,Informational,ATS Optimization,Returners,Returner,Tier 2,Low,Medium,High,High,Resume tailoring (JD match),ai-screening-and-career-gaps,ai-screening-and-career-gaps.png,semantic-matching-explained
63,What to Change and What to Leave When You Tailor a Resume,what to change when tailoring resume,Informational,Resume Tailoring,Active applicants,All,Tier 1,Medium,High,Very High,Very High,Resume tailoring (JD match),what-to-change-when-tailoring,what-to-change-when-tailoring.png,tailoring-in-ten-minutes; tailoring-checklist-per-application
64,Tailoring a Resume in Ten Minutes Without Rewriting It,tailor resume quickly,Informational,Resume Tailoring,Busy applicants,All,Tier 1,Medium,High,Very High,Very High,Resume tailoring (JD match),tailoring-in-ten-minutes,tailoring-in-ten-minutes.png,what-to-change-when-tailoring
65,A Per-Application Tailoring Checklist You Can Actually Follow,resume tailoring checklist,Transactional,Resume Tailoring,Active applicants,All,Tier 1,Medium,High,Very High,Very High,Resume tailoring (JD match),tailoring-checklist-per-application,tailoring-checklist-per-application.png,tailoring-in-ten-minutes
66,How Much Tailoring Is Too Much? The Honest Answer,how much to tailor resume,Informational,Resume Tailoring,Active applicants,All,Tier 1,Low,Medium,Very High,Very High,Resume tailoring (JD match),how-much-tailoring-is-too-much,how-much-tailoring-is-too-much.png,what-to-change-when-tailoring
67,Tailoring Without Lying: The Line Between Framing and Fabrication,tailoring resume without lying,Informational,Resume Tailoring,Active applicants,All,Tier 1,Medium,High,Very High,Very High,Resume tailoring (JD match),tailoring-without-lying,tailoring-without-lying.png,missing-required-skill-response
68,You Don't Have the Required Skill — What to Write Instead,resume missing required skill,Informational,Resume Tailoring,Career changers,All,Tier 1,Low,Medium,Very High,Very High,Resume tailoring (JD match),missing-required-skill-response,missing-required-skill-response.png,adjacent-skills-credit; tailoring-without-lying
69,Adjacent Skills: Getting Credit for Experience That Doesn't Match the Title,transferable skills job description,Informational,Resume Tailoring,Career changers,Mid-career,Tier 1,Medium,High,Very High,Very High,Resume tailoring (JD match),adjacent-skills-credit,adjacent-skills-credit.png,missing-required-skill-response
70,Which Three Bullets to Rewrite for This Specific Job,which bullets to rewrite tailoring,Informational,Resume Tailoring,Active applicants,All,Tier 1,Low,Medium,Very High,Very High,Bullet rewrite / quantification,which-bullets-to-rewrite,which-bullets-to-rewrite.png,reordering-bullets-by-relevance
71,Reordering Bullets by Relevance Beats Rewriting Them,reorder resume bullets job,Informational,Resume Tailoring,Active applicants,All,Tier 1,Low,Medium,Very High,Very High,Bullet rewrite / quantification,reordering-bullets-by-relevance,reordering-bullets-by-relevance.png,which-bullets-to-rewrite
72,Should You Reorder Your Work History for a Specific Role?,reorder work experience resume,Informational,Resume Tailoring,Career changers,Mid-career,Tier 2,Low,Medium,High,High,Resume tailoring (JD match),reordering-work-history,reordering-work-history.png,reordering-bullets-by-relevance
73,Cutting Irrelevant Experience Without Creating a Gap,remove irrelevant jobs resume,Informational,Resume Tailoring,Mid-career professionals,Mid-career,Tier 1,Medium,High,High,Very High,Resume tailoring (JD match),cutting-experience-without-gaps,cutting-experience-without-gaps.png,how-far-back-experience-goes
74,How Far Back Your Experience Should Go for This Role,how far back resume experience,Informational,Resume Tailoring,Senior professionals,Senior,Tier 2,Medium,High,High,High,Resume tailoring (JD match),how-far-back-experience-goes,how-far-back-experience-goes.png,cutting-experience-without-gaps
75,How to Read a Job Description Like a Recruiter Wrote It,how to read a job description,Informational,Resume Tailoring,Active applicants,All,Tier 1,Medium,High,Very High,Very High,JD keyword extraction,read-a-jd-like-a-recruiter,read-a-jd-like-a-recruiter.png,find-the-real-requirements
76,Finding the Three Requirements That Actually Decide the Shortlist,real requirements in job description,Informational,Resume Tailoring,Active applicants,All,Tier 1,Medium,High,Very High,Very High,JD keyword extraction,find-the-real-requirements,find-the-real-requirements.png,read-a-jd-like-a-recruiter
77,Boilerplate in a JD: The Lines You Can Safely Ignore,job description boilerplate,Informational,Resume Tailoring,Active applicants,All,Tier 2,Low,Medium,High,High,JD keyword extraction,jd-boilerplate-to-ignore,jd-boilerplate-to-ignore.png,find-the-real-requirements
78,The Same Job Posted Twice With Different Wording — Which to Match,same job different wording,Informational,Resume Tailoring,Active applicants,All,Tier 3,Low,Low,Medium,Medium,Resume tailoring (JD match),same-job-different-wording,same-job-different-wording.png,jd-boilerplate-to-ignore
79,Decoding a Vague Job Description at a Small Company,vague job description small company,Informational,Resume Tailoring,Active applicants,All,Tier 2,Low,Medium,High,High,Resume tailoring (JD match),vague-jd-small-company,vague-jd-small-company.png,startup-jd-vs-corporate-jd
80,Startup JD vs Corporate JD: Two Different Resumes,startup vs corporate job description,Informational,Resume Tailoring,Active applicants,All,Tier 2,Low,Medium,High,High,Resume tailoring (JD match),startup-jd-vs-corporate-jd,startup-jd-vs-corporate-jd.png,vague-jd-small-company
81,When the JD Lists Two Jobs in One Posting,job description two roles combined,Informational,Resume Tailoring,Active applicants,All,Tier 3,Low,Low,Medium,Medium,Resume tailoring (JD match),jd-with-two-roles-combined,jd-with-two-roles-combined.png,startup-jd-vs-corporate-jd
82,Reading Between the Lines of a Reposted Job,job reposted what it means,Informational,Resume Tailoring,Active applicants,All,Tier 3,Low,Medium,Medium,Medium,Resume tailoring (JD match),what-a-reposted-job-means,what-a-reposted-job-means.png,ghost-jobs-how-to-spot
83,Ghost Jobs: How to Spot a Posting That Isn't Really Hiring,ghost jobs how to spot,Informational,Job Search Strategy,Active applicants,All,Tier 2,High,High,Medium,Medium,Resume tailoring (JD match),ghost-jobs-how-to-spot,ghost-jobs-how-to-spot.png,what-a-reposted-job-means
84,Tailoring for a Role One Level Above Yours,resume for role above your level,Informational,Resume Tailoring,Ambitious applicants,Mid-career,Tier 1,Medium,High,Very High,Very High,Resume tailoring (JD match),tailoring-for-a-stretch-role,tailoring-for-a-stretch-role.png,seniority-signals-to-add
85,Seniority Signals to Add When You're Going for a Step Up,show seniority on resume,Informational,Resume Tailoring,Mid-career professionals,Mid-career,Tier 1,Low,Medium,High,Very High,Bullet rewrite / quantification,seniority-signals-to-add,seniority-signals-to-add.png,tailoring-for-a-stretch-role
86,Applying Below Your Level Without Looking Overqualified,overqualified resume how to handle,Informational,Resume Tailoring,Senior professionals,Senior,Tier 1,Medium,High,High,Very High,Resume tailoring (JD match),overqualified-signals-to-soften,overqualified-signals-to-soften.png,seniority-keywords-resume
87,Tailoring a Resume for a Contract or Freelance Role,resume for contract role,Informational,Resume Tailoring,Contractors,Mid-career,Tier 2,Medium,Medium,High,High,Resume tailoring (JD match),tailoring-for-contract-roles,tailoring-for-contract-roles.png,freelance-work-on-resume
88,Tailoring for a Hybrid Role That Mixes Two Disciplines,resume for hybrid role,Informational,Resume Tailoring,Career changers,Mid-career,Tier 2,Low,Medium,High,High,Resume tailoring (JD match),tailoring-for-hybrid-roles,tailoring-for-hybrid-roles.png,adjacent-skills-credit
89,"One Resume, Two Job Families: When to Split Versions",different resume versions job types,Informational,Resume Tailoring,Career changers,Mid-career,Tier 1,Medium,High,High,Very High,Multi-version resume management,splitting-resume-versions,splitting-resume-versions.png,naming-resume-versions-system
90,A Naming System for Resume Versions That Doesn't Get Confusing,organize resume versions,Informational,Resume Tailoring,Active applicants,All,Tier 2,Low,Medium,High,High,Multi-version resume management,naming-resume-versions-system,naming-resume-versions-system.png,splitting-resume-versions
91,Tracking Which Resume You Sent Where,track resume versions applications,Informational,Resume Tailoring,High-volume applicants,All,Tier 2,Low,Medium,High,High,Multi-version resume management,tracking-which-resume-you-sent,tracking-which-resume-you-sent.png,naming-resume-versions-system
92,Tailoring at Volume: 20 Applications Without 20 Rewrites,tailor resume many applications,Informational,Resume Tailoring,High-volume applicants,All,Tier 1,Medium,High,Very High,Very High,Chrome extension,tailoring-at-volume,tailoring-at-volume.png,tailoring-in-ten-minutes
93,Is a Master Resume Worth Building? How to Use One,master resume document,Informational,Resume Tailoring,Active applicants,All,Tier 1,Medium,High,High,Very High,Multi-version resume management,master-resume-how-to-use,master-resume-how-to-use.png,tailoring-at-volume
94,Tailoring for an Internal Transfer vs an External Application,internal transfer resume,Informational,Resume Tailoring,Internal candidates,Mid-career,Tier 2,Low,Medium,High,High,Resume tailoring (JD match),internal-vs-external-tailoring,internal-vs-external-tailoring.png,master-resume-how-to-use
95,Tailoring a Resume for a Role at a Company You Were Rejected From,reapply after rejection resume,Informational,Resume Tailoring,Active applicants,All,Tier 2,Low,Medium,High,High,Resume tailoring (JD match),reapplying-after-rejection,reapplying-after-rejection.png,applying-twice-same-company
96,Tailoring When You're Applying Through a Referral,referral application resume,Informational,Resume Tailoring,Networked applicants,All,Tier 2,Medium,Medium,High,High,Resume tailoring (JD match),tailoring-for-a-referral,tailoring-for-a-referral.png,reapplying-after-rejection
97,Tailoring for a Recruiter-Submitted Application,agency recruiter resume format,Informational,Resume Tailoring,Active applicants,Mid-career,Tier 2,Low,Medium,Medium,High,Resume tailoring (JD match),tailoring-for-agency-submission,tailoring-for-agency-submission.png,tailoring-for-a-referral
98,Tailoring for a Job You're Slightly Underqualified For,underqualified but applying anyway,Informational,Resume Tailoring,Early-career,Early-career,Tier 1,Medium,High,Very High,Very High,Resume tailoring (JD match),tailoring-when-underqualified,tailoring-when-underqualified.png,apply-at-half-the-requirements
99,Tailoring When the Role Title Is New to You,unfamiliar job title how to apply,Informational,Resume Tailoring,Career changers,All,Tier 2,Low,Medium,High,High,Resume tailoring (JD match),tailoring-for-unfamiliar-titles,tailoring-for-unfamiliar-titles.png,nonstandard-job-title-fix
100,Tailoring for Remote-First Companies,remote job resume tailoring,Informational,Resume Tailoring,Remote seekers,All,Tier 1,High,High,High,Very High,Resume tailoring (JD match),tailoring-for-remote-first,tailoring-for-remote-first.png,remote-work-signals-resume
101,Remote-Work Signals Hiring Managers Look For on a Resume,show remote experience resume,Informational,Resume Tailoring,Remote seekers,All,Tier 1,Medium,High,High,Very High,Bullet rewrite / quantification,remote-work-signals-resume,remote-work-signals-resume.png,tailoring-for-remote-first
102,Tailoring for a Hybrid Return-to-Office Role,hybrid role resume,Informational,Resume Tailoring,Active applicants,All,Tier 3,Low,Medium,Medium,Medium,Resume tailoring (JD match),tailoring-for-hybrid-rto,tailoring-for-hybrid-rto.png,remote-work-signals-resume
103,Tailoring for a Government or Public-Sector Posting,public sector resume tailoring,Informational,Resume Tailoring,Public sector applicants,All,Tier 2,Medium,Medium,High,High,Resume tailoring (JD match),tailoring-for-public-sector,tailoring-for-public-sector.png,selection-criteria-responses
104,Writing Selection-Criteria Responses That Mirror the Posting,selection criteria response,Informational,Resume Tailoring,Public sector applicants,All,Tier 2,Medium,Medium,High,High,Resume tailoring (JD match),selection-criteria-responses,selection-criteria-responses.png,tailoring-for-public-sector
105,Tailoring for Nonprofits When You Come From Corporate,nonprofit resume from corporate,Informational,Resume Tailoring,Career changers,Mid-career,Tier 2,Low,Medium,High,High,Resume tailoring (JD match),corporate-to-nonprofit-tailoring,corporate-to-nonprofit-tailoring.png,adjacent-skills-credit
106,Tailoring for an Agency Role vs an In-House Role,agency vs in house resume,Informational,Resume Tailoring,Marketing/creative,Mid-career,Tier 2,Low,Medium,High,High,Resume tailoring (JD match),agency-vs-in-house-tailoring,agency-vs-in-house-tailoring.png,corporate-to-nonprofit-tailoring
107,Tailoring for a Consulting Firm vs an Industry Role,consulting vs industry resume,Informational,Resume Tailoring,Consultants,Mid-career,Tier 2,Medium,Medium,High,High,Resume tailoring (JD match),consulting-vs-industry-tailoring,consulting-vs-industry-tailoring.png,agency-vs-in-house-tailoring
108,Tailoring for a Scale-Up After Years at a Large Company,big company to startup resume,Informational,Resume Tailoring,Corporate professionals,Mid-career,Tier 1,Medium,High,High,Very High,Resume tailoring (JD match),enterprise-to-startup-tailoring,enterprise-to-startup-tailoring.png,startup-jd-vs-corporate-jd
109,Moving From a Startup to a Large Company: Rewriting Scope and Process,startup to big company resume,Informational,Resume Tailoring,Startup professionals,Mid-career,Tier 2,Low,Medium,High,High,Resume tailoring (JD match),startup-to-enterprise-resume,startup-to-enterprise-resume.png,enterprise-to-startup-tailoring
110,Proving a Skill You've Only Used on Side Projects,side project as evidence resume,Informational,Resume Tailoring,Self-taught professionals,Early-career,Tier 1,Medium,High,Very High,Very High,Resume tailoring (JD match),side-projects-as-evidence,side-projects-as-evidence.png,portfolio-as-proof-of-skill
111,When a Portfolio Link Does the Convincing Your Resume Can't,portfolio link on resume,Informational,Resume Tailoring,Creative/tech,All,Tier 1,Medium,High,High,Very High,Portfolio Studio,portfolio-as-proof-of-skill,portfolio-as-proof-of-skill.png,side-projects-as-evidence
112,Certifications the JD Asks For and You're Halfway Through,in progress certification resume,Informational,Resume Tailoring,Upskillers,All,Tier 2,Medium,Medium,High,High,Resume tailoring (JD match),in-progress-certifications,in-progress-certifications.png,portfolio-as-proof-of-skill
113,Matching a JD That Asks for Metrics You Were Never Given,no metrics available resume,Informational,Resume Tailoring,Active applicants,All,Tier 1,Low,Medium,Very High,Very High,Bullet rewrite / quantification,quantifying-without-real-numbers,quantifying-without-real-numbers.png,estimating-impact-honestly
114,Estimating Impact Honestly When You Don't Have Exact Data,estimate resume achievements,Informational,Resume Tailoring,Active applicants,All,Tier 1,Low,Medium,Very High,Very High,Bullet rewrite / quantification,estimating-impact-honestly,estimating-impact-honestly.png,quantifying-without-real-numbers
115,Tailoring When Most of Your Work Is Confidential,confidential work on resume,Informational,Resume Tailoring,Defense/finance/legal,Mid-career,Tier 2,Low,Medium,High,High,Bullet rewrite / quantification,confidential-work-on-resume,confidential-work-on-resume.png,estimating-impact-honestly
116,Tailoring When Your Work Was a Team Effort,team achievements on resume,Informational,Resume Tailoring,Active applicants,All,Tier 2,Low,Medium,High,High,Bullet rewrite / quantification,team-vs-individual-credit,team-vs-individual-credit.png,confidential-work-on-resume
117,Resume Summary vs Objective in 2026: Which One You Actually Need,resume summary or objective,Informational,Resume Sections,Active applicants,All,Tier 1,High,High,High,Very High,Resume summary generator,summary-vs-objective-2026,summary-vs-objective-2026.png,summary-in-three-sentences
118,Writing a Resume Summary in Three Sentences,how to write resume summary short,Informational,Resume Sections,Active applicants,All,Tier 1,Medium,High,Very High,Very High,Resume summary generator,summary-in-three-sentences,summary-in-three-sentences.png,summary-vs-objective-2026; summary-for-career-changer
119,A Resume Summary When You're Changing Careers,resume summary career change,Informational,Resume Sections,Career changers,Career changer,Tier 1,High,High,Very High,Very High,Resume summary generator,summary-for-career-changer,summary-for-career-changer.png,summary-in-three-sentences
120,A Resume Summary With No Work Experience Yet,resume summary no experience,Informational,Resume Sections,Students/freshers,Student/Fresher,Tier 1,High,High,Very High,Very High,Resume summary generator,summary-with-no-experience,summary-with-no-experience.png,summary-in-three-sentences
121,Resume Summary for a Returner After Years Away,resume summary after career break,Informational,Resume Sections,Returners,Returner,Tier 1,Medium,High,Very High,Very High,Resume summary generator,summary-after-career-break,summary-after-career-break.png,explaining-the-gap-on-paper
122,Resume Summary for a Senior Role: What Changes Above 10 Years,senior resume summary,Informational,Resume Sections,Senior professionals,Senior,Tier 1,Medium,High,High,Very High,Resume summary generator,summary-for-senior-roles,summary-for-senior-roles.png,executive-summary-vs-senior
123,Executive Summary vs Senior Summary: A Real Difference,executive resume summary,Informational,Resume Sections,Executives,Executive,Tier 2,Medium,Medium,High,High,Resume summary generator,executive-summary-vs-senior,executive-summary-vs-senior.png,summary-for-senior-roles
124,Summary Phrases That Say Nothing (and What to Write Instead),generic resume summary phrases,Informational,Resume Sections,Active applicants,All,Tier 1,Medium,High,Very High,Very High,Resume summary generator,empty-summary-phrases,empty-summary-phrases.png,summary-in-three-sentences
125,Should Your Resume Have a Headline Above the Summary?,resume headline vs summary,Informational,Resume Sections,Active applicants,All,Tier 2,Medium,Medium,High,High,Resume summary generator,headline-above-the-summary,headline-above-the-summary.png,summary-vs-objective-2026
126,Writing a Summary That Matches the Job Without Repeating It,summary matching job description,Informational,Resume Sections,Active applicants,All,Tier 1,Low,Medium,Very High,Very High,Resume tailoring (JD match),summary-that-matches-not-echoes,summary-that-matches-not-echoes.png,empty-summary-phrases
127,The Anatomy of a Resume Bullet That Gets Read,how to write resume bullet,Informational,Resume Bullets & Achievements,Active applicants,All,Tier 1,High,High,Very High,Very High,Bullet rewrite / quantification,anatomy-of-a-strong-bullet,anatomy-of-a-strong-bullet.png,verb-metric-outcome-formula
128,"Verb, Metric, Outcome: A Formula That Survives Any Role",resume bullet formula,Informational,Resume Bullets & Achievements,Active applicants,All,Tier 1,Medium,High,Very High,Very High,Bullet rewrite / quantification,verb-metric-outcome-formula,verb-metric-outcome-formula.png,anatomy-of-a-strong-bullet
129,Turning a Job Duty Into an Achievement,duties vs achievements resume,Informational,Resume Bullets & Achievements,Active applicants,All,Tier 1,High,High,Very High,Very High,Bullet rewrite / quantification,duty-into-achievement,duty-into-achievement.png,verb-metric-outcome-formula
130,Twenty Weak Bullets Rewritten Side by Side,weak resume bullets examples,Informational,Resume Bullets & Achievements,Active applicants,All,Tier 1,Medium,High,Very High,Very High,Bullet rewrite / quantification,twenty-bullets-rewritten,twenty-bullets-rewritten.png,duty-into-achievement
131,How Long Should a Resume Bullet Be?,resume bullet length,Informational,Resume Bullets & Achievements,Active applicants,All,Tier 2,Medium,High,High,High,Bullet rewrite / quantification,how-long-should-a-bullet-be,how-long-should-a-bullet-be.png,anatomy-of-a-strong-bullet
132,How Many Bullets Per Job? A Rule That Scales With Recency,how many bullets per job resume,Informational,Resume Bullets & Achievements,Active applicants,All,Tier 2,Medium,High,High,High,Bullet rewrite / quantification,how-many-bullets-per-job,how-many-bullets-per-job.png,how-long-should-a-bullet-be
133,Action Verbs That Are Overused (and Precise Alternatives),resume action verbs overused,Informational,Resume Bullets & Achievements,Active applicants,All,Tier 1,High,High,High,Very High,Bullet rewrite / quantification,overused-action-verbs,overused-action-verbs.png,verb-metric-outcome-formula
134,Starting Every Bullet With 'Responsible For' — How to Break the Habit,responsible for resume,Informational,Resume Bullets & Achievements,Active applicants,All,Tier 1,Medium,High,High,Very High,Bullet rewrite / quantification,breaking-the-responsible-for-habit,breaking-the-responsible-for-habit.png,duty-into-achievement
135,Past or Present Tense in Resume Bullets?,resume tense past or present,Informational,Resume Bullets & Achievements,Active applicants,All,Tier 2,High,High,Medium,High,Bullet rewrite / quantification,resume-bullet-tense,resume-bullet-tense.png,first-person-on-a-resume
136,Should a Resume Ever Say 'I'?,first person on resume,Informational,Resume Writing,Active applicants,All,Tier 2,Medium,Medium,Medium,High,Bullet rewrite / quantification,first-person-on-a-resume,first-person-on-a-resume.png,resume-bullet-tense
137,Quantifying Achievements When Nothing Was Measured,quantify achievements no data,Informational,Resume Bullets & Achievements,Active applicants,All,Tier 1,Medium,High,Very High,Very High,Bullet rewrite / quantification,quantifying-the-unmeasured,quantifying-the-unmeasured.png,percentages-vs-absolute-numbers
138,Percentages or Absolute Numbers: Which Is More Convincing,resume percentage or number,Informational,Resume Bullets & Achievements,Active applicants,All,Tier 2,Low,Medium,High,High,Bullet rewrite / quantification,percentages-vs-absolute-numbers,percentages-vs-absolute-numbers.png,quantifying-the-unmeasured
139,Metrics That Impress and Metrics That Don't,meaningless resume metrics,Informational,Resume Bullets & Achievements,Active applicants,All,Tier 1,Low,Medium,Very High,Very High,Bullet rewrite / quantification,metrics-that-actually-land,metrics-that-actually-land.png,percentages-vs-absolute-numbers
140,Scale Words: Showing Size Without Confidential Numbers,show scale on resume,Informational,Resume Bullets & Achievements,Active applicants,Mid-career,Tier 2,Low,Medium,High,High,Bullet rewrite / quantification,showing-scale-without-numbers,showing-scale-without-numbers.png,metrics-that-actually-land
141,Writing Bullets for Work Nobody Can See,invisible work on resume,Informational,Resume Bullets & Achievements,Ops/support roles,Mid-career,Tier 2,Low,Medium,High,High,Bullet rewrite / quantification,bullets-for-invisible-work,bullets-for-invisible-work.png,showing-scale-without-numbers
142,Bullets for a Job Where You Did Everything,generalist resume bullets,Informational,Resume Bullets & Achievements,Small-company staff,All,Tier 2,Low,Medium,High,High,Bullet rewrite / quantification,bullets-when-you-did-everything,bullets-when-you-did-everything.png,bullets-for-invisible-work
143,Writing Bullets for a Job You Held for Three Months,short tenure resume bullets,Informational,Resume Bullets & Achievements,Active applicants,All,Tier 2,Low,Medium,High,High,Bullet rewrite / quantification,bullets-for-short-tenure,bullets-for-short-tenure.png,short-stints-on-a-resume
144,Repeating Yourself Across Three Similar Jobs,similar jobs resume repetition,Informational,Resume Bullets & Achievements,Mid-career professionals,Mid-career,Tier 1,Low,Medium,High,Very High,Bullet rewrite / quantification,avoiding-repetition-across-roles,avoiding-repetition-across-roles.png,bullets-when-you-did-everything
145,Bullets That Show Leadership Without a Manager Title,leadership without title resume,Informational,Resume Bullets & Achievements,Senior ICs,Mid-career,Tier 1,Medium,High,High,Very High,Bullet rewrite / quantification,leadership-without-the-title,leadership-without-the-title.png,ic-vs-manager-track-resume
146,IC or Manager Track: Writing the Same History Two Ways,ic vs manager resume,Informational,Resume Bullets & Achievements,Tech/senior,Senior,Tier 2,Low,Medium,High,High,Multi-version resume management,ic-vs-manager-track-resume,ic-vs-manager-track-resume.png,leadership-without-the-title
147,What Belongs in a Skills Section and What Doesn't,what to put in skills section,Informational,Resume Sections,Active applicants,All,Tier 1,High,High,High,Very High,JD keyword extraction,what-belongs-in-skills,what-belongs-in-skills.png,skill-levels-on-a-resume
148,Should You Rate Your Skills Out of Five?,skill level bars resume,Informational,Resume Sections,Active applicants,All,Tier 2,Medium,High,Medium,High,Resume templates + PDF render,skill-levels-on-a-resume,skill-levels-on-a-resume.png,what-belongs-in-skills
149,Grouping Skills So a Recruiter Can Scan Them in Seconds,organize skills section resume,Informational,Resume Sections,Active applicants,All,Tier 2,Medium,Medium,High,High,Resume templates + PDF render,grouping-skills-for-scanning,grouping-skills-for-scanning.png,what-belongs-in-skills
150,Listing Soft Skills Without Sounding Generic,soft skills on resume examples,Informational,Resume Sections,Active applicants,All,Tier 1,High,High,High,Very High,Bullet rewrite / quantification,soft-skills-without-cliche,soft-skills-without-cliche.png,what-belongs-in-skills
151,"Languages on a Resume: Levels, Proof and Placement",languages on resume,Informational,Resume Sections,Multilingual applicants,All,Tier 2,Medium,Medium,Medium,High,Resume templates + PDF render,languages-on-a-resume,languages-on-a-resume.png,grouping-skills-for-scanning
152,Where Certifications Go and Which Ones to Cut,certifications on resume,Informational,Resume Sections,Upskillers,All,Tier 1,High,High,High,Very High,Resume templates + PDF render,certifications-placement-and-pruning,certifications-placement-and-pruning.png,expired-certifications
153,"Expired Certifications: Keep, Cut or Requalify",expired certification resume,Informational,Resume Sections,Upskillers,All,Tier 3,Low,Low,Medium,Medium,Resume templates + PDF render,expired-certifications,expired-certifications.png,certifications-placement-and-pruning
154,Online Course Certificates: Which Ones Are Worth Listing,online course certificate resume,Informational,Resume Sections,Self-taught professionals,Early-career,Tier 1,Medium,High,High,Very High,Resume templates + PDF render,which-course-certificates-count,which-course-certificates-count.png,certifications-placement-and-pruning
155,Where Education Goes Once You Have Experience,education section placement,Informational,Resume Sections,Early-career,Early-career,Tier 1,Medium,High,High,Very High,Resume templates + PDF render,where-education-goes,where-education-goes.png,should-you-list-gpa
156,Should You List Your GPA? A Decision Rule,should i put gpa on resume,Informational,Resume Sections,Students/freshers,Student/Fresher,Tier 1,High,High,Medium,High,Resume templates + PDF render,should-you-list-gpa,should-you-list-gpa.png,where-education-goes
157,An Unfinished Degree on a Resume,incomplete degree resume,Informational,Resume Sections,Career changers,All,Tier 1,Medium,High,High,Very High,Resume templates + PDF render,unfinished-degree-on-resume,unfinished-degree-on-resume.png,where-education-goes
158,Listing a Bootcamp Next to a Degree,bootcamp on resume,Informational,Resume Sections,Career changers,Career changer,Tier 1,Medium,High,High,Very High,Resume templates + PDF render,bootcamp-alongside-degree,bootcamp-alongside-degree.png,which-course-certificates-count
159,"Coursework, Thesis and Academic Projects: When They Earn Space",relevant coursework resume,Informational,Resume Sections,Students/freshers,Student/Fresher,Tier 2,Medium,Medium,High,High,Resume templates + PDF render,coursework-and-thesis-placement,coursework-and-thesis-placement.png,where-education-goes
160,A Second Degree That Has Nothing to Do With Your Career,unrelated degree resume,Informational,Resume Sections,Career changers,Career changer,Tier 2,Low,Medium,High,High,Resume tailoring (JD match),unrelated-degree-on-resume,unrelated-degree-on-resume.png,unfinished-degree-on-resume
161,"Chronological, Functional or Hybrid: Choosing by Situation",functional vs chronological resume,Informational,Resume Writing,Career changers,All,Tier 1,High,High,High,Very High,Resume templates + PDF render,choosing-resume-structure,choosing-resume-structure.png,why-functional-resumes-fail
162,Why Functional Resumes Often Backfire,functional resume ats problem,Informational,Resume Writing,Career changers,Career changer,Tier 1,Medium,High,High,Very High,Resume templates + PDF render,why-functional-resumes-fail,why-functional-resumes-fail.png,choosing-resume-structure
163,"One Page or Two? Deciding by Evidence, Not Rules",one page or two page resume,Informational,Resume Writing,Active applicants,All,Tier 1,Very High,Very High,High,Very High,Resume templates + PDF render,one-page-or-two-decision,one-page-or-two-decision.png,cutting-a-resume-to-one-page
164,Cutting a Three-Page Resume to One Without Losing Substance,shorten resume to one page,Informational,Resume Writing,Senior professionals,Senior,Tier 1,Medium,High,Very High,Very High,Resume tailoring (JD match),cutting-a-resume-to-one-page,cutting-a-resume-to-one-page.png,one-page-or-two-decision
165,Promotions Within One Company: How to Show Progression,show promotion on resume,Informational,Resume Sections,Mid-career professionals,Mid-career,Tier 1,Medium,High,High,Very High,Resume templates + PDF render,showing-promotions-one-company,showing-promotions-one-company.png,same-title-many-years
166,Same Title for Six Years: Showing Growth Anyway,same job title long time resume,Informational,Resume Sections,Mid-career professionals,Mid-career,Tier 1,Low,Medium,High,Very High,Bullet rewrite / quantification,same-title-many-years,same-title-many-years.png,showing-promotions-one-company
167,Company Acquired or Renamed: Which Name Goes on the Resume,company acquired resume,Informational,Resume Sections,Mid-career professionals,Mid-career,Tier 3,Low,Low,Medium,Medium,Resume templates + PDF render,acquired-or-renamed-company,acquired-or-renamed-company.png,showing-promotions-one-company
168,A Company Nobody Has Heard Of: Adding One Line of Context,unknown company on resume,Informational,Resume Sections,Active applicants,All,Tier 2,Low,Medium,High,High,Bullet rewrite / quantification,context-for-unknown-employers,context-for-unknown-employers.png,acquired-or-renamed-company
169,"Contract, Agency and Client Work on One Resume",contract work resume format,Informational,Resume Sections,Contractors,Mid-career,Tier 2,Medium,Medium,High,High,Resume templates + PDF render,contract-and-agency-structure,contract-and-agency-structure.png,freelance-work-on-resume
170,Putting Freelance Work on a Resume Without Looking Unemployed,freelance work on resume,Informational,Resume Sections,Freelancers,All,Tier 1,High,High,High,Very High,Resume templates + PDF render,freelance-work-on-resume,freelance-work-on-resume.png,contract-and-agency-structure
171,Self-Employment and Running Your Own Business,self employed on resume,Informational,Resume Sections,Founders,Mid-career,Tier 1,Medium,High,High,Very High,Resume templates + PDF render,self-employment-on-resume,self-employment-on-resume.png,freelance-work-on-resume
172,A Failed Startup on Your Resume,failed startup resume,Informational,Resume Sections,Founders,Mid-career,Tier 2,Low,Medium,High,High,Bullet rewrite / quantification,failed-startup-on-resume,failed-startup-on-resume.png,self-employment-on-resume
173,Short Stints: When to Include Them and When to Group Them,short stints resume,Informational,Resume Sections,Active applicants,All,Tier 1,Medium,High,High,Very High,Resume templates + PDF render,short-stints-on-a-resume,short-stints-on-a-resume.png,bullets-for-short-tenure
174,"Volunteer Work That Belongs in Experience, Not a Footnote",volunteer work on resume,Informational,Resume Sections,Returners,All,Tier 2,Medium,Medium,High,High,Resume templates + PDF render,volunteer-work-placement,volunteer-work-placement.png,freelance-work-on-resume
175,Internships on a Resume After Two Years of Real Work,when to remove internships,Informational,Resume Sections,Early-career,Early-career,Tier 2,Medium,Medium,High,High,Resume tailoring (JD match),when-to-drop-internships,when-to-drop-internships.png,where-education-goes
176,Part-Time and Retail Jobs on a Professional Resume,part time job on resume,Informational,Resume Sections,Students/freshers,Student/Fresher,Tier 2,Medium,High,High,High,Resume templates + PDF render,part-time-jobs-placement,part-time-jobs-placement.png,when-to-drop-internships
177,Hobbies and Interests: The Rare Case They Help,hobbies on resume,Informational,Resume Sections,Students/freshers,Student/Fresher,Tier 2,High,High,Low,Medium,Resume templates + PDF render,hobbies-and-interests,hobbies-and-interests.png,what-to-delete-from-resume
178,Twelve Things to Delete From Your Resume Today,what to remove from resume,Informational,Resume Writing,Active applicants,All,Tier 1,High,High,High,Very High,Resume tailoring (JD match),what-to-delete-from-resume,what-to-delete-from-resume.png,references-available-on-request
179,'References Available on Request' and Other Dead Lines,references available on request,Informational,Resume Writing,Active applicants,All,Tier 2,Medium,High,Medium,High,Resume templates + PDF render,references-available-on-request,references-available-on-request.png,what-to-delete-from-resume
180,"Address on a Resume in 2026: City, Country or Nothing",address on resume,Informational,Resume Sections,Active applicants,All,Tier 2,High,High,Medium,High,Resume templates + PDF render,address-on-resume-2026,address-on-resume-2026.png,what-to-delete-from-resume
181,Which Links Belong on a Resume (and How Many),links on resume,Informational,Resume Sections,Active applicants,All,Tier 1,Medium,High,High,Very High,Portfolio Studio,which-links-belong-on-resume,which-links-belong-on-resume.png,portfolio-link-placement
182,Where to Put a Portfolio Link So It Gets Clicked,portfolio link placement resume,Informational,Resume Sections,Creative/tech,All,Tier 1,Low,Medium,High,Very High,Portfolio Studio,portfolio-link-placement,portfolio-link-placement.png,which-links-belong-on-resume
183,Proofreading a Resume When You've Read It Fifty Times,proofread resume tips,Informational,Resume Writing,Active applicants,All,Tier 2,Medium,Medium,Medium,High,Resume tailoring (JD match),proofreading-your-own-resume,proofreading-your-own-resume.png,resume-consistency-checklist
184,"A Consistency Checklist: Dates, Tense, Punctuation, Capitals",resume consistency check,Transactional,Resume Writing,Active applicants,All,Tier 2,Low,Medium,High,High,Resume templates + PDF render,resume-consistency-checklist,resume-consistency-checklist.png,proofreading-your-own-resume
185,Writing a Resume in Plain English When the Job Is Technical,technical resume plain language,Informational,Resume Writing,Tech professionals,Mid-career,Tier 2,Low,Medium,High,High,Bullet rewrite / quantification,plain-english-technical-resume,plain-english-technical-resume.png,jargon-that-hurts-you
186,Jargon That Helps You and Jargon That Hurts You,resume jargon,Informational,Resume Writing,Active applicants,All,Tier 2,Low,Medium,High,High,JD keyword extraction,jargon-that-hurts-you,jargon-that-hurts-you.png,plain-english-technical-resume
187,Buzzwords Recruiters Have Stopped Believing,resume buzzwords to avoid,Informational,Resume Writing,Active applicants,All,Tier 1,High,High,High,Very High,Bullet rewrite / quantification,buzzwords-recruiters-ignore,buzzwords-recruiters-ignore.png,jargon-that-hurts-you
188,How a Recruiter Reads Your Resume in Seven Seconds,recruiter seven second scan,Informational,Resume Writing,Active applicants,All,Tier 1,High,High,High,Very High,Resume templates + PDF render,the-seven-second-scan,the-seven-second-scan.png,what-to-delete-from-resume
189,The Top Third of Page One Decides Everything,resume top third,Informational,Resume Writing,Active applicants,All,Tier 1,Low,Medium,Very High,Very High,Resume templates + PDF render,the-top-third-of-page-one,the-top-third-of-page-one.png,the-seven-second-scan
190,Writing Your First Resume From a Blank Page,first resume blank page,Informational,Resume Writing,Students/freshers,Student/Fresher,Tier 1,High,Very High,High,Very High,Resume templates + PDF render,first-resume-from-blank-page,first-resume-from-blank-page.png,summary-with-no-experience
191,Rebuilding a Resume You Haven't Touched in Eight Years,update old resume,Informational,Resume Writing,Returners,Mid-career,Tier 1,Medium,High,Very High,Very High,Resume tailoring (JD match),rebuilding-an-outdated-resume,rebuilding-an-outdated-resume.png,what-to-delete-from-resume
192,Updating a Resume While You Still Have the Job,update resume while employed,Informational,Resume Writing,Passive candidates,Mid-career,Tier 2,Medium,High,High,High,Multi-version resume management,updating-while-still-employed,updating-while-still-employed.png,rebuilding-an-outdated-resume
193,Keeping a Running Record So You Never Rebuild Again,track achievements ongoing,Informational,Resume Writing,Mid-career professionals,Mid-career,Tier 2,Low,Medium,High,High,Multi-version resume management,keeping-a-running-brag-file,keeping-a-running-brag-file.png,updating-while-still-employed
194,Platform Engineer Resume: The Skills Section That Passes the First Filter,platform engineer resume,Informational,Resume Examples,Tech professionals,Mid-career,Tier 1,Medium,High,High,Very High,Resume tailoring (JD match),platform-engineer-resume-guide,platform-engineer-resume-guide.png,what-belongs-in-skills; verb-metric-outcome-formula
195,Building a Data Platform Engineer Resume Around What the JD Actually Asks,data platform engineer resume,Informational,Resume Examples,Tech professionals,Mid-career,Tier 1,Medium,High,High,Very High,Resume tailoring (JD match),data-platform-engineer-resume-guide,data-platform-engineer-resume-guide.png,what-belongs-in-skills; verb-metric-outcome-formula
196,What a Analytics Engineer Resume Needs Before the Screen Even Opens,analytics engineer resume,Informational,Resume Examples,Data professionals,Mid-career,Tier 1,Medium,High,High,Very High,Resume tailoring (JD match),analytics-engineer-resume-guide,analytics-engineer-resume-guide.png,what-belongs-in-skills; verb-metric-outcome-formula
197,MLOps Engineer Resume: Evidence That Beats a Long Tool List,mlops engineer resume,Informational,Resume Examples,Tech professionals,Mid-career,Tier 1,Medium,High,High,Very High,Resume tailoring (JD match),mlops-engineer-resume-guide,mlops-engineer-resume-guide.png,what-belongs-in-skills; verb-metric-outcome-formula
198,How a AI Engineer Resume Reads to the Hiring Manager,ai engineer resume,Informational,Resume Examples,Tech professionals,Mid-career,Tier 1,Medium,High,High,Very High,Resume tailoring (JD match),ai-engineer-resume-guide,ai-engineer-resume-guide.png,what-belongs-in-skills; verb-metric-outcome-formula
199,LLM / Applied AI Engineer Resume: The Skills Section That Passes the First Filter,llm engineer resume,Informational,Resume Examples,Tech professionals,Mid-career,Tier 1,Medium,High,High,Very High,Resume tailoring (JD match),llm-engineer-resume-guide,llm-engineer-resume-guide.png,what-belongs-in-skills; verb-metric-outcome-formula
200,How a Solutions Architect Resume Reads to the Hiring Manager,solutions architect resume,Informational,Resume Examples,Tech professionals,Senior,Tier 1,Medium,High,High,Very High,Resume tailoring (JD match),solutions-architect-resume-guide,solutions-architect-resume-guide.png,what-belongs-in-skills; verb-metric-outcome-formula
201,Enterprise Architect Resume: Evidence That Beats a Long Tool List,enterprise architect resume,Informational,Resume Examples,Tech professionals,Senior,Tier 1,Medium,High,High,Very High,Resume tailoring (JD match),enterprise-architect-resume-guide,enterprise-architect-resume-guide.png,what-belongs-in-skills; verb-metric-outcome-formula
202,Database Administrator Resume: Showing Depth Without Listing Every Tool,dba resume,Informational,Resume Examples,Tech professionals,Mid-career,Tier 1,Medium,High,High,Very High,Resume tailoring (JD match),database-administrator-resume-guide,database-administrator-resume-guide.png,what-belongs-in-skills; verb-metric-outcome-formula
203,How a Network Engineer Resume Reads to the Hiring Manager,network engineer resume,Informational,Resume Examples,Tech professionals,Mid-career,Tier 1,Medium,High,High,Very High,Resume tailoring (JD match),network-engineer-resume-guide,network-engineer-resume-guide.png,what-belongs-in-skills; verb-metric-outcome-formula
204,Building a Systems Administrator Resume Around What the JD Actually Asks,sysadmin resume,Informational,Resume Examples,IT professionals,Mid-career,Tier 1,Medium,High,High,Very High,Resume tailoring (JD match),systems-administrator-resume-guide,systems-administrator-resume-guide.png,what-belongs-in-skills; verb-metric-outcome-formula
205,IT Support Specialist Resume: Evidence That Beats a Long Tool List,it support resume,Informational,Resume Examples,IT professionals,Entry-level,Tier 1,Medium,High,High,Very High,Resume tailoring (JD match),it-support-specialist-resume-guide,it-support-specialist-resume-guide.png,what-belongs-in-skills; verb-metric-outcome-formula
206,Help Desk Technician Resume: Turning Project Work Into Bullets That Land,help desk resume,Informational,Resume Examples,IT professionals,Entry-level,Tier 1,Medium,High,High,Very High,Resume tailoring (JD match),help-desk-technician-resume-guide,help-desk-technician-resume-guide.png,what-belongs-in-skills; verb-metric-outcome-formula
207,Penetration Tester Resume: Evidence That Beats a Long Tool List,penetration tester resume,Informational,Resume Examples,Security professionals,Mid-career,Tier 1,Medium,High,High,Very High,Resume tailoring (JD match),penetration-tester-resume-guide,penetration-tester-resume-guide.png,what-belongs-in-skills; verb-metric-outcome-formula
208,Building a Security Analyst (SOC) Resume Around What the JD Actually Asks,soc analyst resume,Informational,Resume Examples,Security professionals,Entry-level,Tier 1,Medium,High,High,Very High,Resume tailoring (JD match),soc-analyst-resume-guide,soc-analyst-resume-guide.png,what-belongs-in-skills; verb-metric-outcome-formula
209,Building a Cloud Security Engineer Resume Around What the JD Actually Asks,cloud security engineer resume,Informational,Resume Examples,Security professionals,Mid-career,Tier 1,Medium,High,High,Very High,Resume tailoring (JD match),cloud-security-engineer-resume-guide,cloud-security-engineer-resume-guide.png,what-belongs-in-skills; verb-metric-outcome-formula
210,Blockchain Developer Resume Keywords Worth Matching (and Ones to Skip),blockchain developer resume,Informational,Resume Examples,Tech professionals,Mid-career,Tier 1,Medium,High,High,Very High,Resume tailoring (JD match),blockchain-developer-resume-guide,blockchain-developer-resume-guide.png,what-belongs-in-skills; verb-metric-outcome-formula
211,How a Unity / Game Programmer Resume Reads to the Hiring Manager,unity developer resume,Informational,Resume Examples,Tech professionals,Mid-career,Tier 1,Medium,High,High,Very High,Resume tailoring (JD match),unity-developer-resume-guide,unity-developer-resume-guide.png,what-belongs-in-skills; verb-metric-outcome-formula
212,AR/VR Developer Resume: Showing Depth Without Listing Every Tool,ar vr developer resume,Informational,Resume Examples,Tech professionals,Mid-career,Tier 1,Medium,High,High,Very High,Resume tailoring (JD match),ar-vr-developer-resume-guide,ar-vr-developer-resume-guide.png,what-belongs-in-skills; verb-metric-outcome-formula
213,Firmware Engineer Resume: The Skills Section That Passes the First Filter,firmware engineer resume,Informational,Resume Examples,Hardware professionals,Mid-career,Tier 1,Medium,High,High,Very High,Resume tailoring (JD match),firmware-engineer-resume-guide,firmware-engineer-resume-guide.png,what-belongs-in-skills; verb-metric-outcome-formula
214,Hardware Design Engineer Resume: The Skills Section That Passes the First Filter,hardware engineer resume,Informational,Resume Examples,Hardware professionals,Mid-career,Tier 1,Medium,High,High,Very High,Resume tailoring (JD match),hardware-design-engineer-resume-guide,hardware-design-engineer-resume-guide.png,what-belongs-in-skills; verb-metric-outcome-formula
215,Robotics Engineer Resume: The Skills Section That Passes the First Filter,robotics engineer resume,Informational,Resume Examples,Engineering,Mid-career,Tier 1,Medium,High,High,Very High,Resume tailoring (JD match),robotics-engineer-resume-guide,robotics-engineer-resume-guide.png,what-belongs-in-skills; verb-metric-outcome-formula
216,Building a Computer Vision Engineer Resume Around What the JD Actually Asks,computer vision engineer resume,Informational,Resume Examples,Tech professionals,Mid-career,Tier 1,Medium,High,High,Very High,Resume tailoring (JD match),computer-vision-engineer-resume-guide,computer-vision-engineer-resume-guide.png,what-belongs-in-skills; verb-metric-outcome-formula
217,How a NLP Engineer Resume Reads to the Hiring Manager,nlp engineer resume,Informational,Resume Examples,Tech professionals,Mid-career,Tier 1,Medium,High,High,Very High,Resume tailoring (JD match),nlp-engineer-resume-guide,nlp-engineer-resume-guide.png,what-belongs-in-skills; verb-metric-outcome-formula
218,Technical Program Manager Resume: Turning Project Work Into Bullets That Land,tpm resume,Informational,Resume Examples,Tech professionals,Senior,Tier 1,Medium,High,High,Very High,Resume tailoring (JD match),technical-program-manager-resume-guide,technical-program-manager-resume-guide.png,what-belongs-in-skills; verb-metric-outcome-formula
219,Engineering Manager Resume: Showing Depth Without Listing Every Tool,engineering manager resume,Informational,Resume Examples,Tech leaders,Senior,Tier 1,Medium,High,High,Very High,Resume tailoring (JD match),engineering-manager-resume-guide,engineering-manager-resume-guide.png,what-belongs-in-skills; verb-metric-outcome-formula
220,Building a CTO / VP Engineering Resume Around What the JD Actually Asks,vp engineering resume,Informational,Resume Examples,Tech leaders,Executive,Tier 1,Medium,High,High,Very High,Resume tailoring (JD match),vp-engineering-resume-guide,vp-engineering-resume-guide.png,what-belongs-in-skills; verb-metric-outcome-formula
221,What a Developer Advocate Resume Needs Before the Screen Even Opens,developer advocate resume,Informational,Resume Examples,Tech professionals,Mid-career,Tier 1,Medium,High,High,Very High,Resume tailoring (JD match),developer-advocate-resume-guide,developer-advocate-resume-guide.png,what-belongs-in-skills; verb-metric-outcome-formula
222,What a Solutions Engineer Resume Needs Before the Screen Even Opens,solutions engineer resume,Informational,Resume Examples,Tech/sales,Mid-career,Tier 1,Medium,High,High,Very High,Resume tailoring (JD match),solutions-engineer-resume-guide,solutions-engineer-resume-guide.png,what-belongs-in-skills; verb-metric-outcome-formula
223,What a Sales Engineer Resume Needs Before the Screen Even Opens,sales engineer resume,Informational,Resume Examples,Tech/sales,Mid-career,Tier 1,Medium,High,High,Very High,Resume tailoring (JD match),sales-engineer-resume-guide,sales-engineer-resume-guide.png,what-belongs-in-skills; verb-metric-outcome-formula
224,Building a Integration Engineer Resume Around What the JD Actually Asks,integration engineer resume,Informational,Resume Examples,Tech professionals,Mid-career,Tier 1,Medium,High,High,Very High,Resume tailoring (JD match),integration-engineer-resume-guide,integration-engineer-resume-guide.png,what-belongs-in-skills; verb-metric-outcome-formula
225,Automation Engineer Resume: Showing Depth Without Listing Every Tool,automation engineer resume,Informational,Resume Examples,Engineering,Mid-career,Tier 1,Medium,High,High,Very High,Resume tailoring (JD match),automation-engineer-resume-guide,automation-engineer-resume-guide.png,what-belongs-in-skills; verb-metric-outcome-formula
226,How a Performance Engineer Resume Reads to the Hiring Manager,performance engineer resume,Informational,Resume Examples,Tech professionals,Mid-career,Tier 1,Medium,High,High,Very High,Resume tailoring (JD match),performance-engineer-resume-guide,performance-engineer-resume-guide.png,what-belongs-in-skills; verb-metric-outcome-formula
227,Release / Build Engineer Resume: Showing Depth Without Listing Every Tool,build engineer resume,Informational,Resume Examples,Tech professionals,Mid-career,Tier 1,Medium,High,High,Very High,Resume tailoring (JD match),release-engineer-resume-guide,release-engineer-resume-guide.png,what-belongs-in-skills; verb-metric-outcome-formula
228,Technical Support Engineer Resume: The Skills Section That Passes the First Filter,technical support engineer resume,Informational,Resume Examples,Tech professionals,Early-career,Tier 1,Medium,High,High,Very High,Resume tailoring (JD match),technical-support-engineer-resume-guide,technical-support-engineer-resume-guide.png,what-belongs-in-skills; verb-metric-outcome-formula
229,Management Consultant Resume: Making Scope Obvious in Six Seconds,management consultant resume,Informational,Resume Examples,Consultants,Mid-career,Tier 1,Medium,High,High,Very High,Resume tailoring (JD match),management-consultant-resume-guide,management-consultant-resume-guide.png,duty-into-achievement; metrics-that-actually-land
230,Strategy Analyst Resume: The Metrics Worth Putting on Page One,strategy analyst resume,Informational,Resume Examples,Business professionals,Early-career,Tier 1,Medium,High,High,Very High,Resume tailoring (JD match),strategy-analyst-resume-guide,strategy-analyst-resume-guide.png,duty-into-achievement; metrics-that-actually-land
231,Investment Banking Analyst Resume: Making Scope Obvious in Six Seconds,investment banking analyst resume,Informational,Resume Examples,Finance professionals,Entry-level,Tier 1,Medium,High,High,Very High,Resume tailoring (JD match),investment-banking-analyst-resume-guide,investment-banking-analyst-resume-guide.png,duty-into-achievement; metrics-that-actually-land
232,What Hiring Managers Look For on a Private Equity Associate Resume,private equity resume,Informational,Resume Examples,Finance professionals,Mid-career,Tier 1,Medium,High,High,Very High,Resume tailoring (JD match),private-equity-associate-resume-guide,private-equity-associate-resume-guide.png,duty-into-achievement; metrics-that-actually-land
233,Venture Capital Analyst Resume: Making Scope Obvious in Six Seconds,venture capital resume,Informational,Resume Examples,Finance professionals,Early-career,Tier 1,Medium,High,High,Very High,Resume tailoring (JD match),venture-capital-analyst-resume-guide,venture-capital-analyst-resume-guide.png,duty-into-achievement; metrics-that-actually-land
234,Equity Research Analyst Resume: The Metrics Worth Putting on Page One,equity research resume,Informational,Resume Examples,Finance professionals,Mid-career,Tier 1,Medium,High,High,Very High,Resume tailoring (JD match),equity-research-analyst-resume-guide,equity-research-analyst-resume-guide.png,duty-into-achievement; metrics-that-actually-land
235,What Hiring Managers Look For on a Risk Analyst Resume,risk analyst resume,Informational,Resume Examples,Finance professionals,Mid-career,Tier 1,Medium,High,High,Very High,Resume tailoring (JD match),risk-analyst-resume-guide,risk-analyst-resume-guide.png,duty-into-achievement; metrics-that-actually-land
236,Credit Analyst Resume: The Metrics Worth Putting on Page One,credit analyst resume,Informational,Resume Examples,Finance professionals,Mid-career,Tier 1,Medium,High,High,Very High,Resume tailoring (JD match),credit-analyst-resume-guide,credit-analyst-resume-guide.png,duty-into-achievement; metrics-that-actually-land
237,A Compliance Officer Resume That Survives the First Cut,compliance officer resume,Informational,Resume Examples,Finance professionals,Mid-career,Tier 1,Medium,High,High,Very High,Resume tailoring (JD match),compliance-officer-resume-guide,compliance-officer-resume-guide.png,duty-into-achievement; metrics-that-actually-land
238,What Hiring Managers Look For on a Internal Auditor Resume,internal auditor resume,Informational,Resume Examples,Finance professionals,Mid-career,Tier 1,Medium,High,High,Very High,Resume tailoring (JD match),internal-auditor-resume-guide,internal-auditor-resume-guide.png,duty-into-achievement; metrics-that-actually-land
239,What Hiring Managers Look For on a Tax Accountant Resume,tax accountant resume,Informational,Resume Examples,Finance professionals,Mid-career,Tier 1,Medium,High,High,Very High,Resume tailoring (JD match),tax-accountant-resume-guide,tax-accountant-resume-guide.png,duty-into-achievement; metrics-that-actually-land
240,A Financial Controller Resume That Survives the First Cut,financial controller resume,Informational,Resume Examples,Finance professionals,Senior,Tier 1,Medium,High,High,Very High,Resume tailoring (JD match),financial-controller-resume-guide,financial-controller-resume-guide.png,duty-into-achievement; metrics-that-actually-land
241,What Hiring Managers Look For on a CFO / Finance Director Resume,cfo resume,Informational,Resume Examples,Executives,Executive,Tier 1,Medium,High,High,Very High,Resume tailoring (JD match),cfo-finance-director-resume-guide,cfo-finance-director-resume-guide.png,duty-into-achievement; metrics-that-actually-land
242,Treasury Analyst Resume: Numbers That Make the Case for You,treasury analyst resume,Informational,Resume Examples,Finance professionals,Mid-career,Tier 1,Medium,High,High,Very High,Resume tailoring (JD match),treasury-analyst-resume-guide,treasury-analyst-resume-guide.png,duty-into-achievement; metrics-that-actually-land
243,Actuary Resume: Writing Impact When Results Are Shared,actuary resume,Informational,Resume Examples,Insurance professionals,Mid-career,Tier 1,Medium,High,High,Very High,Resume tailoring (JD match),actuary-resume-guide,actuary-resume-guide.png,duty-into-achievement; metrics-that-actually-land
244,Insurance Underwriter Resume: Numbers That Make the Case for You,underwriter resume,Informational,Resume Examples,Insurance professionals,Mid-career,Tier 1,Medium,High,High,Very High,Resume tailoring (JD match),insurance-underwriter-resume-guide,insurance-underwriter-resume-guide.png,duty-into-achievement; metrics-that-actually-land
245,Claims Adjuster Resume: Numbers That Make the Case for You,claims adjuster resume,Informational,Resume Examples,Insurance professionals,Mid-career,Tier 1,Medium,High,High,Very High,Resume tailoring (JD match),claims-adjuster-resume-guide,claims-adjuster-resume-guide.png,duty-into-achievement; metrics-that-actually-land
246,Procurement Manager Resume: The Metrics Worth Putting on Page One,procurement manager resume,Informational,Resume Examples,Ops professionals,Mid-career,Tier 1,Medium,High,High,Very High,Resume tailoring (JD match),procurement-manager-resume-guide,procurement-manager-resume-guide.png,duty-into-achievement; metrics-that-actually-land
247,What Hiring Managers Look For on a Logistics Coordinator Resume,logistics coordinator resume,Informational,Resume Examples,Ops professionals,Early-career,Tier 1,Medium,High,High,Very High,Resume tailoring (JD match),logistics-coordinator-resume-guide,logistics-coordinator-resume-guide.png,duty-into-achievement; metrics-that-actually-land
248,Warehouse Manager Resume: From Responsibilities to Results,warehouse manager resume,Informational,Resume Examples,Ops professionals,Mid-career,Tier 1,Medium,High,High,Very High,Resume tailoring (JD match),warehouse-manager-resume-guide,warehouse-manager-resume-guide.png,duty-into-achievement; metrics-that-actually-land
249,Inventory Analyst Resume: What the Shortlist Actually Rewards,inventory analyst resume,Informational,Resume Examples,Ops professionals,Early-career,Tier 1,Medium,High,High,Very High,Resume tailoring (JD match),inventory-analyst-resume-guide,inventory-analyst-resume-guide.png,duty-into-achievement; metrics-that-actually-land
250,Production Planner Resume: The Metrics Worth Putting on Page One,production planner resume,Informational,Resume Examples,Manufacturing,Mid-career,Tier 1,Medium,High,High,Very High,Resume tailoring (JD match),production-planner-resume-guide,production-planner-resume-guide.png,duty-into-achievement; metrics-that-actually-land
251,Quality Manager Resume: Writing Impact When Results Are Shared,quality manager resume,Informational,Resume Examples,Manufacturing,Mid-career,Tier 1,Medium,High,High,Very High,Resume tailoring (JD match),quality-manager-resume-guide,quality-manager-resume-guide.png,duty-into-achievement; metrics-that-actually-land
252,A Manufacturing Engineer Resume That Survives the First Cut,manufacturing engineer resume,Informational,Resume Examples,Engineering,Mid-career,Tier 1,Medium,High,High,Very High,Resume tailoring (JD match),manufacturing-engineer-resume-guide,manufacturing-engineer-resume-guide.png,duty-into-achievement; metrics-that-actually-land
253,Industrial Engineer Resume: Writing Impact When Results Are Shared,industrial engineer resume,Informational,Resume Examples,Engineering,Mid-career,Tier 1,Medium,High,High,Very High,Resume tailoring (JD match),industrial-engineer-resume-guide,industrial-engineer-resume-guide.png,duty-into-achievement; metrics-that-actually-land
254,Process Engineer Resume: Writing Impact When Results Are Shared,process engineer resume,Informational,Resume Examples,Engineering,Mid-career,Tier 1,Medium,High,High,Very High,Resume tailoring (JD match),process-engineer-resume-guide,process-engineer-resume-guide.png,duty-into-achievement; metrics-that-actually-land
255,A Maintenance Technician Resume That Survives the First Cut,maintenance technician resume,Informational,Resume Examples,Trades,Entry-level,Tier 1,Medium,High,High,Very High,Resume tailoring (JD match),maintenance-technician-resume-guide,maintenance-technician-resume-guide.png,duty-into-achievement; metrics-that-actually-land
256,Operations Analyst Resume: Making Scope Obvious in Six Seconds,operations analyst resume,Informational,Resume Examples,Business professionals,Early-career,Tier 1,Medium,High,High,Very High,Resume tailoring (JD match),operations-analyst-resume-guide,operations-analyst-resume-guide.png,duty-into-achievement; metrics-that-actually-land
257,Business Development Manager Resume: The Metrics Worth Putting on Page One,business development resume,Informational,Resume Examples,Sales professionals,Mid-career,Tier 1,Medium,High,High,Very High,Resume tailoring (JD match),business-development-manager-resume-guide,business-development-manager-resume-guide.png,duty-into-achievement; metrics-that-actually-land
258,Account Manager Resume: Making Scope Obvious in Six Seconds,account manager resume,Informational,Resume Examples,Sales professionals,Mid-career,Tier 1,Medium,High,High,Very High,Resume tailoring (JD match),account-manager-resume-guide,account-manager-resume-guide.png,duty-into-achievement; metrics-that-actually-land
259,Customer Success Manager Resume: Numbers That Make the Case for You,customer success manager resume,Informational,Resume Examples,CS professionals,Mid-career,Tier 1,Medium,High,High,Very High,Resume tailoring (JD match),customer-success-manager-resume-guide,customer-success-manager-resume-guide.png,duty-into-achievement; metrics-that-actually-land
260,Sales Development Rep (SDR) Resume: Writing Impact When Results Are Shared,sdr resume,Informational,Resume Examples,Sales professionals,Entry-level,Tier 1,Medium,High,High,Very High,Resume tailoring (JD match),sdr-resume-guide,sdr-resume-guide.png,duty-into-achievement; metrics-that-actually-land
261,Enterprise Account Executive Resume: The Metrics Worth Putting on Page One,account executive resume,Informational,Resume Examples,Sales professionals,Mid-career,Tier 1,Medium,High,High,Very High,Resume tailoring (JD match),account-executive-resume-guide,account-executive-resume-guide.png,duty-into-achievement; metrics-that-actually-land
262,Revenue Operations Analyst Resume: From Responsibilities to Results,revops resume,Informational,Resume Examples,Ops professionals,Mid-career,Tier 1,Medium,High,High,Very High,Resume tailoring (JD match),revenue-operations-resume-guide,revenue-operations-resume-guide.png,duty-into-achievement; metrics-that-actually-land
263,Partnerships Manager Resume: From Responsibilities to Results,partnerships manager resume,Informational,Resume Examples,Business professionals,Mid-career,Tier 1,Medium,High,High,Very High,Resume tailoring (JD match),partnerships-manager-resume-guide,partnerships-manager-resume-guide.png,duty-into-achievement; metrics-that-actually-land
264,Registered Nurse (Specialty Units) Resume: Getting Certifications Read Correctly,icu nurse resume,Informational,Resume Examples,Healthcare professionals,Mid-career,Tier 1,Medium,High,High,Very High,Resume tailoring (JD match),specialty-nurse-resume-guide,specialty-nurse-resume-guide.png,certifications-placement-and-pruning; what-belongs-in-skills
265,Clinical Research Associate Resume: Getting Certifications Read Correctly,clinical research associate resume,Informational,Resume Examples,Healthcare professionals,Mid-career,Tier 1,Medium,High,High,Very High,Resume tailoring (JD match),clinical-research-associate-resume-guide,clinical-research-associate-resume-guide.png,certifications-placement-and-pruning; what-belongs-in-skills
266,Clinical Data Manager Resume: Getting Certifications Read Correctly,clinical data manager resume,Informational,Resume Examples,Healthcare professionals,Mid-career,Tier 1,Medium,High,High,Very High,Resume tailoring (JD match),clinical-data-manager-resume-guide,clinical-data-manager-resume-guide.png,certifications-placement-and-pruning; what-belongs-in-skills
267,Regulatory Affairs Specialist Resume: Writing Patient-Facing Work as Evidence,regulatory affairs resume,Informational,Resume Examples,Pharma professionals,Mid-career,Tier 1,Medium,High,High,Very High,Resume tailoring (JD match),regulatory-affairs-resume-guide,regulatory-affairs-resume-guide.png,certifications-placement-and-pruning; what-belongs-in-skills
268,Pharmacovigilance Associate Resume: Writing Patient-Facing Work as Evidence,pharmacovigilance resume,Informational,Resume Examples,Pharma professionals,Mid-career,Tier 1,Medium,High,High,Very High,Resume tailoring (JD match),pharmacovigilance-resume-guide,pharmacovigilance-resume-guide.png,certifications-placement-and-pruning; what-belongs-in-skills
269,Medical Science Liaison Resume: Getting Certifications Read Correctly,medical science liaison resume,Informational,Resume Examples,Pharma professionals,Senior,Tier 1,Medium,High,High,Very High,Resume tailoring (JD match),medical-science-liaison-resume-guide,medical-science-liaison-resume-guide.png,certifications-placement-and-pruning; what-belongs-in-skills
270,"Biomedical Engineer Resume: Settings, Volumes and Specialisms That Count",biomedical engineer resume,Informational,Resume Examples,Engineering,Mid-career,Tier 1,Medium,High,High,Very High,Resume tailoring (JD match),biomedical-engineer-resume-guide,biomedical-engineer-resume-guide.png,certifications-placement-and-pruning; what-belongs-in-skills
271,Research Scientist Resume: Licensure and Where It Belongs,research scientist resume,Informational,Resume Examples,Scientists,Mid-career,Tier 1,Medium,High,High,Very High,Resume tailoring (JD match),research-scientist-resume-guide,research-scientist-resume-guide.png,certifications-placement-and-pruning; what-belongs-in-skills
272,Bioinformatics Scientist Resume: Getting Certifications Read Correctly,bioinformatics resume,Informational,Resume Examples,Scientists,Mid-career,Tier 1,Medium,High,High,Very High,Resume tailoring (JD match),bioinformatics-scientist-resume-guide,bioinformatics-scientist-resume-guide.png,certifications-placement-and-pruning; what-belongs-in-skills
273,"Lab Manager Resume: Credentials, Clinical Detail and Keywords",lab manager resume,Informational,Resume Examples,Scientists,Mid-career,Tier 1,Medium,High,High,Very High,Resume tailoring (JD match),lab-manager-resume-guide,lab-manager-resume-guide.png,certifications-placement-and-pruning; what-belongs-in-skills
274,Veterinary Technician Resume: Getting Certifications Read Correctly,vet tech resume,Informational,Resume Examples,Healthcare professionals,Entry-level,Tier 1,Medium,High,High,Very High,Resume tailoring (JD match),veterinary-technician-resume-guide,veterinary-technician-resume-guide.png,certifications-placement-and-pruning; what-belongs-in-skills
275,Dental Assistant Resume: Writing Patient-Facing Work as Evidence,dental assistant resume,Informational,Resume Examples,Healthcare professionals,Entry-level,Tier 1,Medium,High,High,Very High,Resume tailoring (JD match),dental-assistant-resume-guide,dental-assistant-resume-guide.png,certifications-placement-and-pruning; what-belongs-in-skills
276,Surgical Technologist Resume: Licensure and Where It Belongs,surgical technologist resume,Informational,Resume Examples,Healthcare professionals,Mid-career,Tier 1,Medium,High,High,Very High,Resume tailoring (JD match),surgical-technologist-resume-guide,surgical-technologist-resume-guide.png,certifications-placement-and-pruning; what-belongs-in-skills
277,"Healthcare Administrator Resume: Credentials, Clinical Detail and Keywords",healthcare administrator resume,Informational,Resume Examples,Healthcare professionals,Mid-career,Tier 1,Medium,High,High,Very High,Resume tailoring (JD match),healthcare-administrator-resume-guide,healthcare-administrator-resume-guide.png,certifications-placement-and-pruning; what-belongs-in-skills
278,Medical Biller and Coder Resume: Licensure and Where It Belongs,medical coder resume,Informational,Resume Examples,Healthcare professionals,Entry-level,Tier 1,Medium,High,High,Very High,Resume tailoring (JD match),medical-biller-coder-resume-guide,medical-biller-coder-resume-guide.png,certifications-placement-and-pruning; what-belongs-in-skills
279,Mental Health Counselor Resume: Writing Patient-Facing Work as Evidence,counselor resume,Informational,Resume Examples,Healthcare professionals,Mid-career,Tier 1,Medium,High,High,Very High,Resume tailoring (JD match),mental-health-counselor-resume-guide,mental-health-counselor-resume-guide.png,certifications-placement-and-pruning; what-belongs-in-skills
280,What a Social Worker Resume Must Show Before an Interview,social worker resume,Informational,Resume Examples,Public sector,Mid-career,Tier 1,Medium,High,High,Very High,Resume tailoring (JD match),social-worker-resume-guide,social-worker-resume-guide.png,certifications-placement-and-pruning; what-belongs-in-skills
281,Dietitian / Nutritionist Resume: Licensure and Where It Belongs,dietitian resume,Informational,Resume Examples,Healthcare professionals,Mid-career,Tier 1,Medium,High,High,Very High,Resume tailoring (JD match),dietitian-nutritionist-resume-guide,dietitian-nutritionist-resume-guide.png,certifications-placement-and-pruning; what-belongs-in-skills
282,"Paramedic / EMT Resume: Settings, Volumes and Specialisms That Count",paramedic resume,Informational,Resume Examples,Healthcare professionals,Entry-level,Tier 1,Medium,High,High,Very High,Resume tailoring (JD match),paramedic-emt-resume-guide,paramedic-emt-resume-guide.png,certifications-placement-and-pruning; what-belongs-in-skills
283,"Public Health Analyst Resume: Credentials, Clinical Detail and Keywords",public health resume,Informational,Resume Examples,Public sector,Mid-career,Tier 1,Medium,High,High,Very High,Resume tailoring (JD match),public-health-analyst-resume-guide,public-health-analyst-resume-guide.png,certifications-placement-and-pruning; what-belongs-in-skills
284,A Brand Manager Resume That Earns the Portfolio Click,brand manager resume,Informational,Resume Examples,Marketing professionals,Mid-career,Tier 2,Medium,Medium,High,High,Resume tailoring (JD match),brand-manager-resume-guide,brand-manager-resume-guide.png,portfolio-as-proof-of-skill; duty-into-achievement
285,A Performance Marketing Manager Resume That Earns the Portfolio Click,performance marketing resume,Informational,Resume Examples,Marketing professionals,Mid-career,Tier 2,Medium,Medium,High,High,Resume tailoring (JD match),performance-marketing-resume-guide,performance-marketing-resume-guide.png,portfolio-as-proof-of-skill; duty-into-achievement
286,Growth Marketer Resume: Linking a Portfolio That Gets Opened,growth marketing resume,Informational,Resume Examples,Marketing professionals,Mid-career,Tier 2,Medium,Medium,High,High,Resume tailoring (JD match),growth-marketer-resume-guide,growth-marketer-resume-guide.png,portfolio-as-proof-of-skill; duty-into-achievement
287,Email Marketing Specialist Resume: Showing Range Without Looking Unfocused,email marketing resume,Informational,Resume Examples,Marketing professionals,Early-career,Tier 2,Medium,Medium,High,High,Resume tailoring (JD match),email-marketing-specialist-resume-guide,email-marketing-specialist-resume-guide.png,portfolio-as-proof-of-skill; duty-into-achievement
288,A Marketing Analyst Resume That Earns the Portfolio Click,marketing analyst resume,Informational,Resume Examples,Marketing professionals,Early-career,Tier 2,Medium,Medium,High,High,Resume tailoring (JD match),marketing-analyst-resume-guide,marketing-analyst-resume-guide.png,portfolio-as-proof-of-skill; duty-into-achievement
289,A Public Relations Specialist Resume That Earns the Portfolio Click,pr specialist resume,Informational,Resume Examples,Comms professionals,Mid-career,Tier 2,Medium,Medium,High,High,Resume tailoring (JD match),public-relations-specialist-resume-guide,public-relations-specialist-resume-guide.png,portfolio-as-proof-of-skill; duty-into-achievement
290,A Communications Manager Resume That Earns the Portfolio Click,communications manager resume,Informational,Resume Examples,Comms professionals,Mid-career,Tier 2,Medium,Medium,High,High,Resume tailoring (JD match),communications-manager-resume-guide,communications-manager-resume-guide.png,portfolio-as-proof-of-skill; duty-into-achievement
291,Copywriter Resume: Showing Range Without Looking Unfocused,copywriter resume,Informational,Resume Examples,Creative professionals,Mid-career,Tier 2,Medium,Medium,High,High,Resume tailoring (JD match),copywriter-resume-guide,copywriter-resume-guide.png,portfolio-as-proof-of-skill; duty-into-achievement
292,Video Editor Resume: When the Work Speaks and When Words Must,video editor resume,Informational,Resume Examples,Creative professionals,Mid-career,Tier 2,Medium,Medium,High,High,Resume tailoring (JD match),video-editor-resume-guide,video-editor-resume-guide.png,portfolio-as-proof-of-skill; duty-into-achievement
293,Motion Designer Resume: When the Work Speaks and When Words Must,motion designer resume,Informational,Resume Examples,Creative professionals,Mid-career,Tier 2,Medium,Medium,High,High,Resume tailoring (JD match),motion-designer-resume-guide,motion-designer-resume-guide.png,portfolio-as-proof-of-skill; duty-into-achievement
294,3D Artist Resume: Linking a Portfolio That Gets Opened,3d artist resume,Informational,Resume Examples,Creative professionals,Mid-career,Tier 2,Medium,Medium,High,High,Resume tailoring (JD match),three-d-artist-resume-guide,three-d-artist-resume-guide.png,portfolio-as-proof-of-skill; duty-into-achievement
295,Illustrator Resume: Linking a Portfolio That Gets Opened,illustrator resume,Informational,Resume Examples,Creative professionals,Mid-career,Tier 2,Medium,Medium,High,High,Resume tailoring (JD match),illustrator-resume-guide,illustrator-resume-guide.png,portfolio-as-proof-of-skill; duty-into-achievement
296,What Goes on a Photographer Resume When You Have a Portfolio,photographer resume,Informational,Resume Examples,Creative professionals,Mid-career,Tier 2,Medium,Medium,High,High,Resume tailoring (JD match),photographer-resume-guide,photographer-resume-guide.png,portfolio-as-proof-of-skill; duty-into-achievement
297,A Art Director Resume That Earns the Portfolio Click,art director resume,Informational,Resume Examples,Creative professionals,Senior,Tier 2,Medium,Medium,High,High,Resume tailoring (JD match),art-director-resume-guide,art-director-resume-guide.png,portfolio-as-proof-of-skill; duty-into-achievement
298,UX Researcher Resume: Describing Craft Without the Clichés,ux researcher resume,Informational,Resume Examples,Design professionals,Mid-career,Tier 2,Medium,Medium,High,High,Resume tailoring (JD match),ux-researcher-resume-guide,ux-researcher-resume-guide.png,portfolio-as-proof-of-skill; duty-into-achievement
299,UX Writer / Content Designer Resume: Showing Range Without Looking Unfocused,ux writer resume,Informational,Resume Examples,Design professionals,Mid-career,Tier 2,Medium,Medium,High,High,Resume tailoring (JD match),ux-writer-resume-guide,ux-writer-resume-guide.png,portfolio-as-proof-of-skill; duty-into-achievement
300,Service Designer Resume: When the Work Speaks and When Words Must,service designer resume,Informational,Resume Examples,Design professionals,Mid-career,Tier 2,Medium,Medium,High,High,Resume tailoring (JD match),service-designer-resume-guide,service-designer-resume-guide.png,portfolio-as-proof-of-skill; duty-into-achievement
301,Design Systems Designer Resume: Showing Range Without Looking Unfocused,design systems resume,Informational,Resume Examples,Design professionals,Mid-career,Tier 2,Medium,Medium,High,High,Resume tailoring (JD match),design-systems-designer-resume-guide,design-systems-designer-resume-guide.png,portfolio-as-proof-of-skill; duty-into-achievement
302,A Instructional Designer Resume That Earns the Portfolio Click,instructional designer resume,Informational,Resume Examples,Education professionals,Mid-career,Tier 2,Medium,Medium,High,High,Resume tailoring (JD match),instructional-designer-resume-guide,instructional-designer-resume-guide.png,portfolio-as-proof-of-skill; duty-into-achievement
303,Curriculum Developer Resume: Linking a Portfolio That Gets Opened,curriculum developer resume,Informational,Resume Examples,Education professionals,Mid-career,Tier 2,Medium,Medium,High,High,Resume tailoring (JD match),curriculum-developer-resume-guide,curriculum-developer-resume-guide.png,portfolio-as-proof-of-skill; duty-into-achievement
304,A University Lecturer Resume That Earns the Portfolio Click,lecturer resume,Informational,Resume Examples,Academics,Senior,Tier 2,Medium,Medium,High,High,Resume tailoring (JD match),university-lecturer-resume-guide,university-lecturer-resume-guide.png,portfolio-as-proof-of-skill; duty-into-achievement
305,"Academic Researcher (Non-Tenure) Resume: Portfolio, Proof and the Bullets That Matter",academic researcher resume,Informational,Resume Examples,Academics,Mid-career,Tier 2,Medium,Medium,High,High,Resume tailoring (JD match),academic-researcher-resume-guide,academic-researcher-resume-guide.png,portfolio-as-proof-of-skill; duty-into-achievement
306,School Principal Resume: Linking a Portfolio That Gets Opened,principal resume,Informational,Resume Examples,Education professionals,Senior,Tier 2,Medium,Medium,High,High,Resume tailoring (JD match),school-principal-resume-guide,school-principal-resume-guide.png,portfolio-as-proof-of-skill; duty-into-achievement
307,Special Education Teacher Resume: When the Work Speaks and When Words Must,special education teacher resume,Informational,Resume Examples,Education professionals,Mid-career,Tier 2,Medium,Medium,High,High,Resume tailoring (JD match),special-education-teacher-resume-guide,special-education-teacher-resume-guide.png,portfolio-as-proof-of-skill; duty-into-achievement
308,What Goes on a Teaching Assistant Resume When You Have a Portfolio,teaching assistant resume,Informational,Resume Examples,Education professionals,Entry-level,Tier 2,Medium,Medium,High,High,Resume tailoring (JD match),teaching-assistant-resume-guide,teaching-assistant-resume-guide.png,portfolio-as-proof-of-skill; duty-into-achievement
309,Librarian Resume: Linking a Portfolio That Gets Opened,librarian resume,Informational,Resume Examples,Public sector,Mid-career,Tier 2,Medium,Medium,High,High,Resume tailoring (JD match),librarian-resume-guide,librarian-resume-guide.png,portfolio-as-proof-of-skill; duty-into-achievement
310,Policy Analyst Resume: When the Work Speaks and When Words Must,policy analyst resume,Informational,Resume Examples,Public sector,Mid-career,Tier 2,Medium,Medium,High,High,Resume tailoring (JD match),policy-analyst-resume-guide,policy-analyst-resume-guide.png,portfolio-as-proof-of-skill; duty-into-achievement
311,Urban Planner Resume: Linking a Portfolio That Gets Opened,urban planner resume,Informational,Resume Examples,Public sector,Mid-career,Tier 2,Medium,Medium,High,High,Resume tailoring (JD match),urban-planner-resume-guide,urban-planner-resume-guide.png,portfolio-as-proof-of-skill; duty-into-achievement
312,"Environmental Scientist Resume: Portfolio, Proof and the Bullets That Matter",environmental scientist resume,Informational,Resume Examples,Scientists,Mid-career,Tier 2,Medium,Medium,High,High,Resume tailoring (JD match),environmental-scientist-resume-guide,environmental-scientist-resume-guide.png,portfolio-as-proof-of-skill; duty-into-achievement
313,Sustainability Manager Resume: Describing Craft Without the Clichés,sustainability manager resume,Informational,Resume Examples,Business professionals,Mid-career,Tier 2,Medium,Medium,High,High,Resume tailoring (JD match),sustainability-manager-resume-guide,sustainability-manager-resume-guide.png,portfolio-as-proof-of-skill; duty-into-achievement
314,Nonprofit Program Manager Resume: Linking a Portfolio That Gets Opened,nonprofit program manager resume,Informational,Resume Examples,Nonprofit professionals,Mid-career,Tier 2,Medium,Medium,High,High,Resume tailoring (JD match),nonprofit-program-manager-resume-guide,nonprofit-program-manager-resume-guide.png,portfolio-as-proof-of-skill; duty-into-achievement
315,"Grant Writer Resume: Portfolio, Proof and the Bullets That Matter",grant writer resume,Informational,Resume Examples,Nonprofit professionals,Mid-career,Tier 2,Medium,Medium,High,High,Resume tailoring (JD match),grant-writer-resume-guide,grant-writer-resume-guide.png,portfolio-as-proof-of-skill; duty-into-achievement
316,Event Manager Resume: Showing Range Without Looking Unfocused,event manager resume,Informational,Resume Examples,Hospitality professionals,Mid-career,Tier 2,Medium,Medium,High,High,Resume tailoring (JD match),event-manager-resume-guide,event-manager-resume-guide.png,portfolio-as-proof-of-skill; duty-into-achievement
317,A Hotel Manager Resume That Earns the Portfolio Click,hotel manager resume,Informational,Resume Examples,Hospitality professionals,Mid-career,Tier 2,Medium,Medium,High,High,Resume tailoring (JD match),hotel-manager-resume-guide,hotel-manager-resume-guide.png,portfolio-as-proof-of-skill; duty-into-achievement
318,What Goes on a Restaurant Manager Resume When You Have a Portfolio,restaurant manager resume,Informational,Resume Examples,Hospitality professionals,Mid-career,Tier 2,Medium,Medium,High,High,Resume tailoring (JD match),restaurant-manager-resume-guide,restaurant-manager-resume-guide.png,portfolio-as-proof-of-skill; duty-into-achievement
319,Real Estate Agent Resume: Linking a Portfolio That Gets Opened,real estate agent resume,Informational,Resume Examples,Sales professionals,Mid-career,Tier 2,Medium,Medium,High,High,Resume tailoring (JD match),real-estate-agent-resume-guide,real-estate-agent-resume-guide.png,portfolio-as-proof-of-skill; duty-into-achievement
320,Construction Project Manager Resume: Describing Craft Without the Clichés,construction project manager resume,Informational,Resume Examples,Construction,Mid-career,Tier 2,Medium,Medium,High,High,Resume tailoring (JD match),construction-project-manager-resume-guide,construction-project-manager-resume-guide.png,portfolio-as-proof-of-skill; duty-into-achievement
321,"Site Supervisor Resume: Portfolio, Proof and the Bullets That Matter",site supervisor resume,Informational,Resume Examples,Construction,Mid-career,Tier 2,Medium,Medium,High,High,Resume tailoring (JD match),site-supervisor-resume-guide,site-supervisor-resume-guide.png,portfolio-as-proof-of-skill; duty-into-achievement
322,A Electrician Resume That Earns the Portfolio Click,electrician resume,Informational,Resume Examples,Trades,Mid-career,Tier 2,Medium,Medium,High,High,Resume tailoring (JD match),electrician-resume-guide,electrician-resume-guide.png,portfolio-as-proof-of-skill; duty-into-achievement
323,Plumber Resume: Linking a Portfolio That Gets Opened,plumber resume,Informational,Resume Examples,Trades,Mid-career,Tier 2,Medium,Medium,High,High,Resume tailoring (JD match),plumber-resume-guide,plumber-resume-guide.png,portfolio-as-proof-of-skill; duty-into-achievement
324,What Goes on a HVAC Technician Resume When You Have a Portfolio,hvac technician resume,Informational,Resume Examples,Trades,Mid-career,Tier 2,Medium,Medium,High,High,Resume tailoring (JD match),hvac-technician-resume-guide,hvac-technician-resume-guide.png,portfolio-as-proof-of-skill; duty-into-achievement
325,What Goes on a CNC Machinist Resume When You Have a Portfolio,cnc machinist resume,Informational,Resume Examples,Trades,Mid-career,Tier 2,Medium,Medium,High,High,Resume tailoring (JD match),cnc-machinist-resume-guide,cnc-machinist-resume-guide.png,portfolio-as-proof-of-skill; duty-into-achievement
326,Welder Resume: Showing Range Without Looking Unfocused,welder resume,Informational,Resume Examples,Trades,Mid-career,Tier 2,Medium,Medium,High,High,Resume tailoring (JD match),welder-resume-guide,welder-resume-guide.png,portfolio-as-proof-of-skill; duty-into-achievement
327,What Goes on a Truck Driver Resume When You Have a Portfolio,truck driver resume,Informational,Resume Examples,Trades,Entry-level,Tier 2,Medium,Medium,High,High,Resume tailoring (JD match),truck-driver-resume-guide,truck-driver-resume-guide.png,portfolio-as-proof-of-skill; duty-into-achievement
328,"Security Guard Resume: Portfolio, Proof and the Bullets That Matter",security guard resume,Informational,Resume Examples,Trades,Entry-level,Tier 2,Medium,Medium,High,High,Resume tailoring (JD match),security-guard-resume-guide,security-guard-resume-guide.png,portfolio-as-proof-of-skill; duty-into-achievement
329,"Police Officer Resume: Portfolio, Proof and the Bullets That Matter",police officer resume,Informational,Resume Examples,Public sector,Mid-career,Tier 2,Medium,Medium,High,High,Resume tailoring (JD match),police-officer-resume-guide,police-officer-resume-guide.png,portfolio-as-proof-of-skill; duty-into-achievement
330,Firefighter Resume: Describing Craft Without the Clichés,firefighter resume,Informational,Resume Examples,Public sector,Mid-career,Tier 2,Medium,Medium,High,High,Resume tailoring (JD match),firefighter-resume-guide,firefighter-resume-guide.png,portfolio-as-proof-of-skill; duty-into-achievement
331,A Air Traffic Controller Resume That Earns the Portfolio Click,air traffic controller resume,Informational,Resume Examples,Public sector,Mid-career,Tier 2,Medium,Medium,High,High,Resume tailoring (JD match),air-traffic-controller-resume-guide,air-traffic-controller-resume-guide.png,portfolio-as-proof-of-skill; duty-into-achievement
332,Pilot Resume: Showing Range Without Looking Unfocused,pilot resume,Informational,Resume Examples,Aviation,Mid-career,Tier 2,Medium,Medium,High,High,Resume tailoring (JD match),pilot-resume-guide,pilot-resume-guide.png,portfolio-as-proof-of-skill; duty-into-achievement
333,"Aircraft Maintenance Engineer Resume: Portfolio, Proof and the Bullets That Matter",aircraft maintenance resume,Informational,Resume Examples,Aviation,Mid-career,Tier 2,Medium,Medium,High,High,Resume tailoring (JD match),aircraft-maintenance-engineer-resume-guide,aircraft-maintenance-engineer-resume-guide.png,portfolio-as-proof-of-skill; duty-into-achievement
334,Supply Chain Analyst Resume: Linking a Portfolio That Gets Opened,supply chain analyst resume,Informational,Resume Examples,Ops professionals,Early-career,Tier 2,Medium,Medium,High,High,Resume tailoring (JD match),supply-chain-analyst-resume-guide,supply-chain-analyst-resume-guide.png,portfolio-as-proof-of-skill; duty-into-achievement
335,HR Business Partner Resume: When the Work Speaks and When Words Must,hr business partner resume,Informational,Resume Examples,HR professionals,Mid-career,Tier 2,Medium,Medium,High,High,Resume tailoring (JD match),hr-business-partner-resume-guide,hr-business-partner-resume-guide.png,portfolio-as-proof-of-skill; duty-into-achievement
336,"Talent Acquisition Specialist Resume: Portfolio, Proof and the Bullets That Matter",talent acquisition resume,Informational,Resume Examples,HR professionals,Mid-career,Tier 2,Medium,Medium,High,High,Resume tailoring (JD match),talent-acquisition-specialist-resume-guide,talent-acquisition-specialist-resume-guide.png,portfolio-as-proof-of-skill; duty-into-achievement
337,A Learning and Development Manager Resume That Earns the Portfolio Click,l and d manager resume,Informational,Resume Examples,HR professionals,Mid-career,Tier 2,Medium,Medium,High,High,Resume tailoring (JD match),learning-development-manager-resume-guide,learning-development-manager-resume-guide.png,portfolio-as-proof-of-skill; duty-into-achievement
338,Compensation and Benefits Analyst Resume: When the Work Speaks and When Words Must,compensation analyst resume,Informational,Resume Examples,HR professionals,Mid-career,Tier 2,Medium,Medium,High,High,Resume tailoring (JD match),compensation-benefits-analyst-resume-guide,compensation-benefits-analyst-resume-guide.png,portfolio-as-proof-of-skill; duty-into-achievement
339,A Executive Assistant Resume That Earns the Portfolio Click,executive assistant resume,Informational,Resume Examples,Admin professionals,Mid-career,Tier 2,Medium,Medium,High,High,Resume tailoring (JD match),executive-assistant-resume-guide,executive-assistant-resume-guide.png,portfolio-as-proof-of-skill; duty-into-achievement
340,Office Manager Resume: Linking a Portfolio That Gets Opened,office manager resume,Informational,Resume Examples,Admin professionals,Mid-career,Tier 2,Medium,Medium,High,High,Resume tailoring (JD match),office-manager-resume-guide,office-manager-resume-guide.png,portfolio-as-proof-of-skill; duty-into-achievement
341,A Virtual Assistant Resume That Earns the Portfolio Click,virtual assistant resume,Informational,Resume Examples,Remote workers,Entry-level,Tier 2,Medium,Medium,High,High,Resume tailoring (JD match),virtual-assistant-resume-guide,virtual-assistant-resume-guide.png,portfolio-as-proof-of-skill; duty-into-achievement
342,A Data Entry Specialist Resume That Earns the Portfolio Click,data entry resume,Informational,Resume Examples,Admin professionals,Entry-level,Tier 2,Medium,Medium,High,High,Resume tailoring (JD match),data-entry-specialist-resume-guide,data-entry-specialist-resume-guide.png,portfolio-as-proof-of-skill; duty-into-achievement
343,What Goes on a Call Center Agent Resume When You Have a Portfolio,call center resume,Informational,Resume Examples,CS professionals,Entry-level,Tier 2,Medium,Medium,High,High,Resume tailoring (JD match),call-center-agent-resume-guide,call-center-agent-resume-guide.png,portfolio-as-proof-of-skill; duty-into-achievement
344,The Career-Change Resume: What Actually Has to Change,career change resume what to change,Informational,Career Change,Career changers,Career changer,Tier 1,Very High,Very High,Very High,Very High,Resume tailoring (JD match),career-change-resume-what-changes,career-change-resume-what-changes.png,translating-experience-new-industry; summary-for-career-changer
345,Translating Your Experience Into a New Industry's Language,translate experience new industry,Informational,Career Change,Career changers,Career changer,Tier 1,Medium,High,Very High,Very High,JD keyword extraction,translating-experience-new-industry,translating-experience-new-industry.png,career-change-resume-what-changes
346,Which of Your Achievements Still Count After a Pivot,transferable achievements career change,Informational,Career Change,Career changers,Career changer,Tier 1,Low,Medium,Very High,Very High,Bullet rewrite / quantification,achievements-that-survive-a-pivot,achievements-that-survive-a-pivot.png,translating-experience-new-industry
347,Reframing Ten Years of the Wrong Experience,reframe irrelevant experience,Informational,Career Change,Career changers,Mid-career,Tier 1,Low,Medium,Very High,Very High,Resume tailoring (JD match),reframing-irrelevant-experience,reframing-irrelevant-experience.png,achievements-that-survive-a-pivot
348,The First Line of a Career-Change Resume,career change resume opening,Informational,Career Change,Career changers,Career changer,Tier 1,Low,Medium,Very High,Very High,Resume summary generator,career-change-opening-line,career-change-opening-line.png,summary-for-career-changer
349,Should a Career Changer Use a Skills-First Layout?,skills based resume career change,Informational,Career Change,Career changers,Career changer,Tier 1,Medium,High,High,Very High,Resume templates + PDF render,skills-first-layout-for-changers,skills-first-layout-for-changers.png,why-functional-resumes-fail
350,Teaching to Corporate: Rewriting the Classroom,teacher to corporate resume,Informational,Career Change,Teachers,Career changer,Tier 1,Medium,High,High,Very High,Resume tailoring (JD match),teacher-to-corporate-resume,teacher-to-corporate-resume.png,translating-experience-new-industry
351,"Military to Civilian: Translating Rank, Role and Scope",military to civilian resume translation,Informational,Career Change,Veterans,Career changer,Tier 1,High,High,High,Very High,Resume tailoring (JD match),military-to-civilian-translation,military-to-civilian-translation.png,translating-experience-new-industry
352,Academia to Industry: Cutting the CV Down to a Resume,academic cv to industry resume,Informational,Career Change,Academics,Career changer,Tier 1,Medium,High,High,Very High,Resume tailoring (JD match),academic-cv-to-industry-resume,academic-cv-to-industry-resume.png,cutting-a-resume-to-one-page
353,PhD to Industry: What to Keep From the Thesis Years,phd to industry resume,Informational,Career Change,Academics,Career changer,Tier 1,Medium,High,High,Very High,Resume tailoring (JD match),phd-to-industry-resume,phd-to-industry-resume.png,academic-cv-to-industry-resume
354,Clinical to Non-Clinical: Leaving Bedside Work on Paper,nurse to non clinical resume,Informational,Career Change,Healthcare professionals,Career changer,Tier 1,Medium,High,High,Very High,Resume tailoring (JD match),clinical-to-non-clinical-resume,clinical-to-non-clinical-resume.png,translating-experience-new-industry
355,Hospitality to Corporate: Skills That Transfer Better Than You Think,hospitality to corporate resume,Informational,Career Change,Hospitality professionals,Career changer,Tier 2,Low,Medium,High,High,Resume tailoring (JD match),hospitality-to-corporate-resume,hospitality-to-corporate-resume.png,achievements-that-survive-a-pivot
356,Retail Management to Operations: A Direct Route,retail to operations resume,Informational,Career Change,Retail professionals,Career changer,Tier 2,Low,Medium,High,High,Resume tailoring (JD match),retail-to-operations-resume,retail-to-operations-resume.png,hospitality-to-corporate-resume
357,Finance to Tech: Which Parts of the Story Survive,finance to tech resume,Informational,Career Change,Finance professionals,Career changer,Tier 1,Medium,High,High,Very High,Resume tailoring (JD match),finance-to-tech-resume,finance-to-tech-resume.png,translating-experience-new-industry
358,Marketing to Product Management: Closing the Credibility Gap,marketing to product manager resume,Informational,Career Change,Marketing professionals,Career changer,Tier 1,Medium,High,High,Very High,Resume tailoring (JD match),marketing-to-product-resume,marketing-to-product-resume.png,finance-to-tech-resume
359,Support to Engineering: Making the Internal Case on Paper,support to engineer resume,Informational,Career Change,Tech professionals,Career changer,Tier 2,Low,Medium,High,High,Resume tailoring (JD match),support-to-engineering-resume,support-to-engineering-resume.png,side-projects-as-evidence
360,QA to Development: A Resume That Shows the Shift,qa to developer resume,Informational,Career Change,Tech professionals,Career changer,Tier 2,Low,Medium,High,High,Resume tailoring (JD match),qa-to-developer-resume,qa-to-developer-resume.png,support-to-engineering-resume
361,Analyst to Data Scientist: Where the Line Really Is,analyst to data scientist resume,Informational,Career Change,Data professionals,Career changer,Tier 1,Medium,High,High,Very High,Resume tailoring (JD match),analyst-to-data-scientist-resume,analyst-to-data-scientist-resume.png,side-projects-as-evidence
362,Agency to Client Side: Reframing Account Work,agency to client side resume,Informational,Career Change,Marketing professionals,Career changer,Tier 2,Low,Medium,High,High,Resume tailoring (JD match),agency-to-client-side-resume,agency-to-client-side-resume.png,agency-vs-in-house-tailoring
363,Public Sector to Private: Translating Process Into Impact,government to private sector resume,Informational,Career Change,Public sector,Career changer,Tier 2,Medium,Medium,High,High,Resume tailoring (JD match),public-to-private-sector-resume,public-to-private-sector-resume.png,translating-experience-new-industry
364,Private to Public Sector: Meeting Selection Criteria,private to government resume,Informational,Career Change,Business professionals,Career changer,Tier 2,Low,Medium,High,High,Resume tailoring (JD match),private-to-public-sector-resume,private-to-public-sector-resume.png,selection-criteria-responses
365,Nonprofit to Corporate Without Losing the Mission Story,nonprofit to corporate resume,Informational,Career Change,Nonprofit professionals,Career changer,Tier 2,Low,Medium,High,High,Resume tailoring (JD match),nonprofit-to-corporate-resume,nonprofit-to-corporate-resume.png,corporate-to-nonprofit-tailoring
366,Freelancer Going Full-Time: Presenting Years of Client Work,freelance to full time resume,Informational,Career Change,Freelancers,Career changer,Tier 1,Medium,High,High,Very High,Resume templates + PDF render,freelance-to-fulltime-resume,freelance-to-fulltime-resume.png,freelance-work-on-resume
367,Founder Going Back to Employment,founder to employee resume,Informational,Career Change,Founders,Career changer,Tier 1,Medium,High,High,Very High,Resume tailoring (JD match),founder-returning-to-employment,founder-returning-to-employment.png,failed-startup-on-resume
368,Changing Career Without Changing Industry,change role same industry,Informational,Career Change,Career changers,Mid-career,Tier 2,Low,Medium,High,High,Resume tailoring (JD match),new-role-same-industry,new-role-same-industry.png,reframing-irrelevant-experience
369,Changing Industry Without Changing Role,same role new industry,Informational,Career Change,Career changers,Mid-career,Tier 2,Low,Medium,High,High,Resume tailoring (JD match),same-role-new-industry,same-role-new-industry.png,new-role-same-industry
370,A Second Career After Fifty,career change at 50 resume,Informational,Career Change,Older workers,Career changer,Tier 1,Medium,High,High,Very High,Resume tailoring (JD match),second-career-after-fifty,second-career-after-fifty.png,age-signals-on-a-resume
371,Age Signals on a Resume and Which to Remove,hide age on resume,Informational,Career Change,Older workers,Senior,Tier 1,Medium,High,High,Very High,Resume tailoring (JD match),age-signals-on-a-resume,age-signals-on-a-resume.png,how-far-back-experience-goes
372,Going Back to a Field You Left Years Ago,returning to old career resume,Informational,Career Change,Returners,Career changer,Tier 2,Low,Medium,High,High,Resume tailoring (JD match),returning-to-a-former-field,returning-to-a-former-field.png,rebuilding-an-outdated-resume
373,Stepping Down a Level Deliberately,step down career resume,Informational,Career Change,Senior professionals,Senior,Tier 2,Low,Medium,High,High,Resume tailoring (JD match),deliberately-stepping-down,deliberately-stepping-down.png,overqualified-signals-to-soften
374,Explaining a Career Gap on the Resume Itself,how to explain gap on resume,Informational,Career Gaps & Setbacks,Returners,Returner,Tier 1,Very High,Very High,Very High,Very High,Resume tailoring (JD match),explaining-the-gap-on-paper,explaining-the-gap-on-paper.png,gap-length-changes-the-answer
375,Gap Length Changes the Answer: Three Months vs Three Years,length of career gap resume,Informational,Career Gaps & Setbacks,Returners,Returner,Tier 1,Medium,High,Very High,Very High,Resume tailoring (JD match),gap-length-changes-the-answer,gap-length-changes-the-answer.png,explaining-the-gap-on-paper
376,Should You Put the Gap in the Experience Section?,list career break on resume,Informational,Career Gaps & Setbacks,Returners,Returner,Tier 1,Medium,High,Very High,Very High,Resume templates + PDF render,listing-a-break-as-an-entry,listing-a-break-as-an-entry.png,explaining-the-gap-on-paper
377,A Gap for Caregiving,career gap caregiving resume,Informational,Career Gaps & Setbacks,Returners,Returner,Tier 1,Medium,High,High,Very High,Resume tailoring (JD match),caregiving-gap-on-resume,caregiving-gap-on-resume.png,gap-length-changes-the-answer
378,A Gap for Parental Leave,maternity leave gap resume,Informational,Career Gaps & Setbacks,Returners,Returner,Tier 1,Medium,High,High,Very High,Resume tailoring (JD match),parental-leave-gap-resume,parental-leave-gap-resume.png,caregiving-gap-on-resume
379,A Gap for Health Reasons: How Much to Say,health gap on resume,Informational,Career Gaps & Setbacks,Returners,Returner,Tier 1,Medium,High,High,Very High,Resume tailoring (JD match),health-gap-how-much-to-say,health-gap-how-much-to-say.png,gap-length-changes-the-answer
380,A Gap After Redundancy or Layoff,laid off gap resume,Informational,Career Gaps & Setbacks,Returners,Mid-career,Tier 1,High,High,High,Very High,Resume tailoring (JD match),layoff-gap-on-resume,layoff-gap-on-resume.png,explaining-the-gap-on-paper
381,A Gap You Spent Studying,gap year study resume,Informational,Career Gaps & Setbacks,Returners,All,Tier 2,Medium,Medium,High,High,Resume templates + PDF render,study-gap-on-resume,study-gap-on-resume.png,which-course-certificates-count
382,A Gap You Spent Travelling,travel gap resume,Informational,Career Gaps & Setbacks,Returners,Early-career,Tier 2,Medium,Medium,Medium,High,Resume tailoring (JD match),travel-gap-on-resume,travel-gap-on-resume.png,study-gap-on-resume
383,A Gap With Nothing to Show For It,unexplained gap resume,Informational,Career Gaps & Setbacks,Returners,Returner,Tier 1,Low,Medium,Very High,Very High,Resume tailoring (JD match),gap-with-nothing-to-show,gap-with-nothing-to-show.png,explaining-the-gap-on-paper
384,Currently Unemployed: What Goes at the Top,currently unemployed resume,Informational,Career Gaps & Setbacks,Job seekers,All,Tier 1,High,High,Very High,Very High,Resume summary generator,currently-unemployed-resume-top,currently-unemployed-resume-top.png,layoff-gap-on-resume
385,Should You Say You're 'Open to Work' on the Resume?,open to work on resume,Informational,Career Gaps & Setbacks,Job seekers,All,Tier 2,Medium,Medium,Medium,High,Resume templates + PDF render,open-to-work-on-resume,open-to-work-on-resume.png,currently-unemployed-resume-top
386,Filling a Current Gap So It Stops Growing,fill employment gap now,Informational,Career Gaps & Setbacks,Returners,Returner,Tier 1,Medium,High,High,Very High,Portfolio Studio,filling-a-gap-in-progress,filling-a-gap-in-progress.png,side-projects-as-evidence
387,Job Hopping on Paper: When It Reads as a Pattern,job hopping resume,Informational,Career Gaps & Setbacks,Active applicants,Mid-career,Tier 1,High,High,High,Very High,Resume templates + PDF render,job-hopping-on-paper,job-hopping-on-paper.png,short-stints-on-a-resume
388,Being Fired and What the Resume Says About It,fired resume what to write,Informational,Career Gaps & Setbacks,Job seekers,All,Tier 1,High,High,High,Very High,Resume tailoring (JD match),fired-what-the-resume-says,fired-what-the-resume-says.png,layoff-gap-on-resume
389,A Contract That Ended Early,contract ended early resume,Informational,Career Gaps & Setbacks,Contractors,Mid-career,Tier 3,Low,Low,Medium,Medium,Resume tailoring (JD match),contract-ended-early,contract-ended-early.png,bullets-for-short-tenure
390,Demotion or Sideways Move on a Resume,demotion on resume,Informational,Career Gaps & Setbacks,Mid-career professionals,Mid-career,Tier 2,Low,Medium,High,High,Resume templates + PDF render,demotion-on-a-resume,demotion-on-a-resume.png,showing-promotions-one-company
391,A Company That Went Under,company closed resume,Informational,Career Gaps & Setbacks,Mid-career professionals,Mid-career,Tier 3,Low,Low,Medium,Medium,Resume templates + PDF render,employer-that-went-under,employer-that-went-under.png,acquired-or-renamed-company
392,Rebuilding After a Long Illness or Burnout,return to work after burnout,Informational,Career Gaps & Setbacks,Returners,Returner,Tier 2,Medium,Medium,High,High,Resume tailoring (JD match),returning-after-burnout,returning-after-burnout.png,health-gap-how-much-to-say
393,Returning to Work After Prison,resume after incarceration,Informational,Career Gaps & Setbacks,Returners,Returner,Tier 3,Medium,Medium,Medium,Medium,Resume tailoring (JD match),resume-after-incarceration,resume-after-incarceration.png,gap-with-nothing-to-show
394,Applying After a Long Stretch of Rejections,resume after many rejections,Informational,Career Gaps & Setbacks,Job seekers,All,Tier 1,Medium,High,Very High,Very High,ATS score + scan,resume-after-many-rejections,resume-after-many-rejections.png,diagnosing-a-resume-that-fails
395,Diagnosing a Resume That Keeps Failing,why resume not getting interviews,Informational,Career Gaps & Setbacks,Job seekers,All,Tier 1,Very High,Very High,Very High,Very High,ATS score + scan,diagnosing-a-resume-that-fails,diagnosing-a-resume-that-fails.png,resume-after-many-rejections; high-ats-score-no-interviews
396,When It's the Resume and When It's the Targeting,resume or job targeting problem,Informational,Career Gaps & Setbacks,Job seekers,All,Tier 1,Low,Medium,Very High,Very High,Resume tailoring (JD match),resume-problem-or-targeting-problem,resume-problem-or-targeting-problem.png,diagnosing-a-resume-that-fails
397,Asking Someone to Review Your Resume (and What to Ask),get resume reviewed,Informational,Career Gaps & Setbacks,Job seekers,All,Tier 2,Medium,Medium,High,High,ATS score + scan,getting-a-useful-resume-review,getting-a-useful-resume-review.png,diagnosing-a-resume-that-fails
398,Defending Every Line of Your Resume in an Interview,interview questions about resume,Informational,Interview Preparation,Interviewees,All,Tier 1,High,High,Very High,Very High,AI mock interview,defending-your-resume-line-by-line,defending-your-resume-line-by-line.png,walk-me-through-your-resume
399,'Walk Me Through Your Resume' — A Structure That Works,walk me through your resume,Informational,Interview Preparation,Interviewees,All,Tier 1,Very High,Very High,Very High,Very High,AI mock interview,walk-me-through-your-resume,walk-me-through-your-resume.png,defending-your-resume-line-by-line
400,Answering Questions About the Gap They Spotted,interview question career gap,Informational,Interview Preparation,Returners,Returner,Tier 1,High,High,Very High,Very High,AI mock interview,interview-question-about-the-gap,interview-question-about-the-gap.png,explaining-the-gap-on-paper
401,Explaining a Career Change When They Ask 'Why Now?',interview why career change,Informational,Interview Preparation,Career changers,Career changer,Tier 1,High,High,Very High,Very High,AI mock interview,interview-why-the-career-change,interview-why-the-career-change.png,career-change-resume-what-changes
402,Explaining Short Stints Without Sounding Defensive,interview question job hopping,Informational,Interview Preparation,Interviewees,Mid-career,Tier 1,Medium,High,High,Very High,AI mock interview,interview-short-stints,interview-short-stints.png,job-hopping-on-paper
403,When They Ask About a Number on Your Resume,interview asked about resume metric,Informational,Interview Preparation,Interviewees,All,Tier 1,Low,Medium,Very High,Very High,AI mock interview,questioned-about-a-metric,questioned-about-a-metric.png,metrics-that-actually-land
404,A Skill on Your Resume You Haven't Used in Two Years,rusty skill interview,Informational,Interview Preparation,Interviewees,Mid-career,Tier 2,Low,Medium,High,High,AI mock interview,rusty-skill-on-your-resume,rusty-skill-on-your-resume.png,defending-your-resume-line-by-line
405,Being Asked About a Project You Barely Touched,interview project you didnt lead,Informational,Interview Preparation,Interviewees,All,Tier 2,Low,Medium,High,High,AI mock interview,project-you-barely-touched,project-you-barely-touched.png,team-vs-individual-credit
406,Turning Your Resume Bullets Into Interview Stories,resume bullets to interview answers,Informational,Interview Preparation,Interviewees,All,Tier 1,Medium,High,Very High,Very High,AI mock interview,bullets-into-interview-stories,bullets-into-interview-stories.png,building-a-story-bank
407,Building a Story Bank From Your Own Work History,interview story bank,Informational,Interview Preparation,Interviewees,All,Tier 1,Medium,High,High,Very High,AI mock interview,building-a-story-bank,building-a-story-bank.png,bullets-into-interview-stories
408,The Recruiter Screen: What They're Really Checking,recruiter screening call,Informational,Interview Preparation,Interviewees,All,Tier 1,High,High,High,Very High,AI mock interview,what-the-recruiter-screen-checks,what-the-recruiter-screen-checks.png,first-call-preparation
409,Preparing for a Fifteen-Minute First Call,15 minute screening call prep,Informational,Interview Preparation,Interviewees,All,Tier 2,Medium,Medium,High,High,AI mock interview,first-call-preparation,first-call-preparation.png,what-the-recruiter-screen-checks
410,Salary Expectations on the First Call,salary expectation first call,Informational,Interview Preparation,Interviewees,All,Tier 1,Very High,Very High,Medium,High,AI mock interview,salary-question-first-call,salary-question-first-call.png,deflecting-salary-early
411,Deflecting the Salary Question Without Being Evasive,avoid salary question interview,Informational,Interview Preparation,Interviewees,All,Tier 2,High,High,Medium,High,AI mock interview,deflecting-salary-early,deflecting-salary-early.png,salary-question-first-call
412,Asynchronous Video Interviews: Recording a Good Take,one way video interview tips,Informational,Interview Preparation,Interviewees,All,Tier 1,High,High,High,Very High,AI mock interview,async-video-interview-takes,async-video-interview-takes.png,video-interview-setup
413,"Your Camera, Light and Background Are Part of the Answer",video interview setup,Informational,Interview Preparation,Interviewees,All,Tier 2,Medium,Medium,Medium,High,AI mock interview,video-interview-setup,video-interview-setup.png,async-video-interview-takes
414,AI-Scored Interviews: What the System Measures,ai interview scoring,Informational,Interview Preparation,Interviewees,All,Tier 1,Medium,High,High,Very High,AI mock interview,ai-scored-interviews,ai-scored-interviews.png,async-video-interview-takes
415,STAR Answers That Don't Sound Rehearsed,natural star method answers,Informational,Interview Preparation,Interviewees,All,Tier 1,High,High,High,Very High,AI mock interview,star-without-sounding-rehearsed,star-without-sounding-rehearsed.png,star-for-vague-questions
416,Using STAR When the Question Is Vague,star method vague question,Informational,Interview Preparation,Interviewees,All,Tier 2,Medium,Medium,High,High,AI mock interview,star-for-vague-questions,star-for-vague-questions.png,star-without-sounding-rehearsed
417,'Tell Me About Yourself' in Ninety Seconds,tell me about yourself answer,Informational,Interview Preparation,Interviewees,All,Tier 1,Very High,Very High,High,Very High,AI mock interview,tell-me-about-yourself-90-seconds,tell-me-about-yourself-90-seconds.png,walk-me-through-your-resume
418,Answering 'Why This Company' Without Flattery,why this company answer,Informational,Interview Preparation,Interviewees,All,Tier 1,High,High,High,Very High,AI mock interview,why-this-company-answer,why-this-company-answer.png,researching-before-interview
419,Answering 'Why Are You Leaving?' Honestly,why are you leaving answer,Informational,Interview Preparation,Interviewees,All,Tier 1,High,High,High,Very High,AI mock interview,why-are-you-leaving-answer,why-are-you-leaving-answer.png,interview-short-stints
420,A Failure Story That Doesn't Damage You,tell me about a failure,Informational,Interview Preparation,Interviewees,All,Tier 1,High,High,High,Very High,AI mock interview,failure-story-that-works,failure-story-that-works.png,conflict-story-that-works
421,A Conflict Story That Doesn't Blame Anyone,tell me about a conflict,Informational,Interview Preparation,Interviewees,All,Tier 1,High,High,High,Very High,AI mock interview,conflict-story-that-works,conflict-story-that-works.png,failure-story-that-works
422,Describing a Time You Influenced Without Authority,influence without authority interview,Informational,Interview Preparation,Interviewees,Mid-career,Tier 2,Medium,Medium,High,High,AI mock interview,influence-without-authority,influence-without-authority.png,leadership-without-the-title
423,Questions About Handling Pressure and Deadlines,pressure interview question,Informational,Interview Preparation,Interviewees,All,Tier 2,Medium,Medium,Medium,High,AI mock interview,pressure-and-deadline-questions,pressure-and-deadline-questions.png,conflict-story-that-works
424,When You Genuinely Have No Example,no example for interview question,Informational,Interview Preparation,Students/freshers,Student/Fresher,Tier 1,Low,Medium,High,Very High,AI mock interview,when-you-have-no-example,when-you-have-no-example.png,star-for-vague-questions
425,Live Coding Without Freezing,live coding interview nerves,Informational,Interview Preparation,Tech professionals,All,Tier 1,High,High,High,Very High,AI mock interview,live-coding-without-freezing,live-coding-without-freezing.png,thinking-aloud-technical
426,Thinking Aloud in a Technical Interview,think aloud technical interview,Informational,Interview Preparation,Tech professionals,All,Tier 2,Medium,Medium,High,High,AI mock interview,thinking-aloud-technical,thinking-aloud-technical.png,live-coding-without-freezing
427,When You Don't Know the Answer in a Technical Round,dont know answer technical interview,Informational,Interview Preparation,Tech professionals,All,Tier 1,Medium,High,High,Very High,AI mock interview,not-knowing-in-a-tech-round,not-knowing-in-a-tech-round.png,thinking-aloud-technical
428,SQL Interview Rounds: What They Actually Test,sql interview questions,Informational,Interview Preparation,Data professionals,All,Tier 1,High,High,Medium,High,AI mock interview,sql-interview-rounds,sql-interview-rounds.png,data-case-interview
429,Data Case Interviews: Structuring an Answer,data case interview,Informational,Interview Preparation,Data professionals,All,Tier 2,Medium,Medium,High,High,AI mock interview,data-case-interview,data-case-interview.png,sql-interview-rounds
430,Product Sense Interviews for Product Roles,product sense interview,Informational,Interview Preparation,Product professionals,Mid-career,Tier 1,Medium,High,High,Very High,AI mock interview,product-sense-interview,product-sense-interview.png,product-metrics-interview
431,Product Metrics Interviews: Choosing the Right Number,product metrics interview,Informational,Interview Preparation,Product professionals,Mid-career,Tier 2,Medium,Medium,High,High,AI mock interview,product-metrics-interview,product-metrics-interview.png,product-sense-interview
432,Design Portfolio Reviews: Presenting Three Projects,design portfolio interview,Informational,Interview Preparation,Design professionals,All,Tier 1,Medium,High,High,Very High,Portfolio Studio,design-portfolio-review,design-portfolio-review.png,portfolio-as-proof-of-skill
433,Sales Interviews: The Mock Pitch Round,sales interview role play,Informational,Interview Preparation,Sales professionals,All,Tier 2,Medium,Medium,High,High,AI mock interview,sales-mock-pitch-round,sales-mock-pitch-round.png,sales-metrics-interview
434,Talking Numbers in a Sales Interview,sales interview quota questions,Informational,Interview Preparation,Sales professionals,All,Tier 2,Medium,Medium,High,High,AI mock interview,sales-metrics-interview,sales-metrics-interview.png,sales-mock-pitch-round
435,Finance Interviews: Technical Questions You Must Not Miss,finance interview technical questions,Informational,Interview Preparation,Finance professionals,All,Tier 2,Medium,Medium,Medium,High,AI mock interview,finance-technical-questions,finance-technical-questions.png,modelling-test-round
436,The Modelling Test Round,financial modelling test interview,Informational,Interview Preparation,Finance professionals,All,Tier 3,Low,Low,Medium,Medium,AI mock interview,modelling-test-round,modelling-test-round.png,finance-technical-questions
437,Clinical Interviews: Scenario and Ethics Questions,nursing interview scenario questions,Informational,Interview Preparation,Healthcare professionals,All,Tier 2,Medium,Medium,Medium,High,AI mock interview,clinical-scenario-questions,clinical-scenario-questions.png,healthcare-values-interview
438,Values-Based Interviews in Healthcare,values based interview nhs,Informational,Interview Preparation,Healthcare professionals,All,Tier 2,Medium,Medium,Medium,High,AI mock interview,healthcare-values-interview,healthcare-values-interview.png,clinical-scenario-questions
439,Teaching Interviews and the Demo Lesson,teaching interview demo lesson,Informational,Interview Preparation,Education professionals,All,Tier 2,Medium,Medium,Medium,High,AI mock interview,teaching-demo-lesson,teaching-demo-lesson.png,clinical-scenario-questions
440,Assessment Centres: Group Exercises and What's Scored,assessment centre tips,Informational,Interview Preparation,Students/freshers,Student/Fresher,Tier 2,High,High,Medium,High,AI mock interview,assessment-centre-exercises,assessment-centre-exercises.png,group-exercise-tactics
441,Group Exercises Without Dominating or Disappearing,group exercise interview,Informational,Interview Preparation,Students/freshers,Student/Fresher,Tier 2,Medium,Medium,Medium,High,AI mock interview,group-exercise-tactics,group-exercise-tactics.png,assessment-centre-exercises
442,"The Take-Home Assignment: Scope, Time and Polish",take home assignment scope,Informational,Interview Preparation,Interviewees,All,Tier 1,Medium,High,High,Very High,AI mock interview,take-home-scope-and-time,take-home-scope-and-time.png,unpaid-take-home-limits
443,When a Take-Home Is Really Unpaid Work,unpaid take home assignment,Informational,Interview Preparation,Interviewees,All,Tier 2,Medium,Medium,Medium,High,AI mock interview,unpaid-take-home-limits,unpaid-take-home-limits.png,take-home-scope-and-time
444,Meeting the Team: What Peers Are Assessing,peer interview round,Informational,Interview Preparation,Interviewees,All,Tier 2,Low,Medium,High,High,AI mock interview,peer-interview-round,peer-interview-round.png,skip-level-interview
445,The Skip-Level or Founder Round,founder interview round,Informational,Interview Preparation,Interviewees,Mid-career,Tier 2,Low,Medium,High,High,AI mock interview,skip-level-interview,skip-level-interview.png,peer-interview-round
446,Questions Worth Asking That Aren't Generic,good questions to ask interviewer,Informational,Interview Preparation,Interviewees,All,Tier 1,Very High,Very High,Medium,High,AI mock interview,questions-worth-asking,questions-worth-asking.png,reading-the-room-in-interview
447,Reading the Room: Signals the Interview Is Going Badly,interview going badly signs,Informational,Interview Preparation,Interviewees,All,Tier 2,Medium,Medium,Medium,High,AI mock interview,reading-the-room-in-interview,reading-the-room-in-interview.png,recovering-a-bad-interview
448,Recovering an Interview That Started Badly,recover bad interview,Informational,Interview Preparation,Interviewees,All,Tier 2,Low,Medium,Medium,High,AI mock interview,recovering-a-bad-interview,recovering-a-bad-interview.png,reading-the-room-in-interview
449,The Follow-Up Note That Adds Something,interview follow up email,Informational,Interview Preparation,Interviewees,All,Tier 1,Very High,Very High,Medium,High,AI mock interview,follow-up-that-adds-something,follow-up-that-adds-something.png,chasing-after-silence
450,Chasing After Silence Without Nagging,no response after interview,Informational,Interview Preparation,Interviewees,All,Tier 1,High,High,Medium,High,AI mock interview,chasing-after-silence,chasing-after-silence.png,follow-up-that-adds-something
451,Asking for Feedback After a Rejection,ask for interview feedback,Informational,Interview Preparation,Interviewees,All,Tier 2,Medium,Medium,Medium,High,AI mock interview,asking-for-feedback-after-no,asking-for-feedback-after-no.png,chasing-after-silence
452,Preparing in Two Days When You Have a Job,interview prep short notice,Informational,Interview Preparation,Employed candidates,Mid-career,Tier 1,Medium,High,High,Very High,AI mock interview,two-day-interview-prep,two-day-interview-prep.png,researching-before-interview
453,Researching a Company Beyond the Careers Page,research company before interview,Informational,Interview Preparation,Interviewees,All,Tier 2,Medium,Medium,Medium,High,AI mock interview,researching-before-interview,researching-before-interview.png,why-this-company-answer
454,Interviewing While Employed: Logistics and Discretion,interview while employed,Informational,Interview Preparation,Employed candidates,Mid-career,Tier 2,Medium,Medium,Medium,High,AI mock interview,interviewing-while-employed,interviewing-while-employed.png,two-day-interview-prep
455,Nerves: What Actually Helps in the Ten Minutes Before,interview nerves before,Informational,Interview Preparation,Interviewees,All,Tier 2,High,High,Medium,Medium,AI mock interview,the-ten-minutes-before,the-ten-minutes-before.png,reading-the-room-in-interview
456,Practising Out Loud vs Reading Your Notes,how to practice interview answers,Informational,Interview Preparation,Interviewees,All,Tier 1,Medium,High,High,Very High,AI mock interview,practising-out-loud,practising-out-loud.png,building-a-story-bank
457,Rehearsing With No One to Practise On,practice interview alone,Informational,Interview Preparation,Interviewees,All,Tier 1,Medium,High,Very High,Very High,AI mock interview,rehearsing-alone,rehearsing-alone.png,practising-out-loud
458,Does Anyone Read Cover Letters in 2026? When to Bother,do cover letters matter 2026,Informational,Cover Letters,Active applicants,All,Tier 1,Very High,Very High,High,Very High,Cover letter generator,do-cover-letters-still-matter,do-cover-letters-still-matter.png,cover-letter-in-four-paragraphs
459,A Cover Letter in Four Paragraphs,cover letter structure,Informational,Cover Letters,Active applicants,All,Tier 1,High,High,High,Very High,Cover letter generator,cover-letter-in-four-paragraphs,cover-letter-in-four-paragraphs.png,cover-letter-first-line
460,The First Line That Isn't 'I Am Writing to Apply',cover letter opening line,Informational,Cover Letters,Active applicants,All,Tier 1,High,High,High,Very High,Cover letter generator,cover-letter-first-line,cover-letter-first-line.png,cover-letter-in-four-paragraphs
461,A Cover Letter That Isn't Your Resume in Prose,cover letter vs resume content,Informational,Cover Letters,Active applicants,All,Tier 1,Medium,High,Very High,Very High,Cover letter generator,letter-that-adds-not-repeats,letter-that-adds-not-repeats.png,cover-letter-in-four-paragraphs
462,How Long a Cover Letter Should Be,cover letter length,Informational,Cover Letters,Active applicants,All,Tier 2,High,High,Medium,High,Cover letter generator,cover-letter-length-2026,cover-letter-length-2026.png,cover-letter-in-four-paragraphs
463,Addressing a Letter When You Don't Know the Name,cover letter no name,Informational,Cover Letters,Active applicants,All,Tier 2,High,Medium,Medium,High,Cover letter generator,addressing-without-a-name,addressing-without-a-name.png,cover-letter-first-line
464,The Paragraph That Explains Your Pivot to a Hiring Manager,explain career change in cover letter,Informational,Cover Letters,Career changers,Career changer,Tier 1,Medium,High,High,Very High,Cover letter generator,the-pivot-paragraph,the-pivot-paragraph.png,career-change-resume-what-changes
465,A Cover Letter Explaining a Gap,cover letter career gap,Informational,Cover Letters,Returners,Returner,Tier 1,Medium,High,High,Very High,Cover letter generator,cover-letter-explaining-gap,cover-letter-explaining-gap.png,explaining-the-gap-on-paper
466,A Cover Letter With No Experience,cover letter student no experience,Informational,Cover Letters,Students/freshers,Student/Fresher,Tier 1,High,High,High,Very High,Cover letter generator,cover-letter-first-job,cover-letter-first-job.png,summary-with-no-experience
467,Writing a Letter for a Speculative Application,speculative cover letter,Informational,Cover Letters,Active applicants,All,Tier 2,Medium,Medium,High,High,Cover letter generator,speculative-application-letter,speculative-application-letter.png,cover-letter-first-line
468,A Letter for an Internal Role,internal application letter,Informational,Cover Letters,Internal candidates,Mid-career,Tier 2,Medium,Medium,High,High,Cover letter generator,internal-role-letter,internal-role-letter.png,internal-vs-external-tailoring
469,Mirroring the Job Description Without Copying It,cover letter match job description,Informational,Cover Letters,Active applicants,All,Tier 1,Medium,High,Very High,Very High,Cover letter generator,mirroring-the-jd-in-a-letter,mirroring-the-jd-in-a-letter.png,letter-that-adds-not-repeats
470,The Email Version: When the Letter Is the Message Body,cover letter email body,Informational,Cover Letters,Active applicants,All,Tier 2,Medium,Medium,High,High,Cover letter generator,cover-letter-as-email-body,cover-letter-as-email-body.png,cover-letter-in-four-paragraphs
471,Cover Letter Clichés Recruiters Skim Past,cover letter cliches,Informational,Cover Letters,Active applicants,All,Tier 2,Medium,Medium,High,High,Cover letter generator,cover-letter-cliches,cover-letter-cliches.png,cover-letter-first-line
472,Should AI Write Your Cover Letter? Where the Line Is,ai written cover letter,Informational,Cover Letters,Active applicants,All,Tier 1,High,High,High,Very High,Cover letter generator,should-ai-write-your-letter,should-ai-write-your-letter.png,ai-resume-sounds-generic-fix
473,"Your LinkedIn Headline Is a Search Field, Not a Title",linkedin headline keywords,Informational,LinkedIn & Personal Branding,Job seekers,All,Tier 1,Very High,Very High,High,Very High,LinkedIn profile sync,linkedin-headline-as-search-field,linkedin-headline-as-search-field.png,linkedin-about-section
474,The About Section That Gets Read Past Two Lines,linkedin about section,Informational,LinkedIn & Personal Branding,Job seekers,All,Tier 1,High,High,High,Very High,LinkedIn profile sync,linkedin-about-section,linkedin-about-section.png,linkedin-headline-as-search-field
475,Why Recruiters Can't Find You in LinkedIn Search,linkedin not showing in recruiter search,Informational,LinkedIn & Personal Branding,Job seekers,All,Tier 1,Medium,High,High,Very High,LinkedIn profile sync,why-recruiters-cant-find-you,why-recruiters-cant-find-you.png,linkedin-skills-that-rank
476,Which LinkedIn Skills Actually Affect Ranking,linkedin skills section,Informational,LinkedIn & Personal Branding,Job seekers,All,Tier 1,Medium,High,High,Very High,LinkedIn profile sync,linkedin-skills-that-rank,linkedin-skills-that-rank.png,why-recruiters-cant-find-you
477,Should Your LinkedIn Match Your Resume Exactly?,linkedin match resume,Informational,LinkedIn & Personal Branding,Job seekers,All,Tier 1,Medium,High,Very High,Very High,LinkedIn profile sync,linkedin-versus-resume-consistency,linkedin-versus-resume-consistency.png,linkedin-headline-as-search-field
478,"Open to Work: The Badge, the Risk and the Alternative",linkedin open to work badge,Informational,LinkedIn & Personal Branding,Job seekers,All,Tier 1,Very High,Very High,Medium,High,LinkedIn profile sync,open-to-work-badge-decision,open-to-work-badge-decision.png,job-searching-quietly
479,Job Searching Quietly While Employed,confidential job search linkedin,Informational,LinkedIn & Personal Branding,Employed candidates,Mid-career,Tier 1,High,High,Medium,High,LinkedIn profile sync,job-searching-quietly,job-searching-quietly.png,open-to-work-badge-decision
480,A LinkedIn Profile for a Career Changer,linkedin career change profile,Informational,LinkedIn & Personal Branding,Career changers,Career changer,Tier 2,Medium,Medium,High,High,LinkedIn profile sync,linkedin-for-career-changers,linkedin-for-career-changers.png,career-change-resume-what-changes
481,"Featured, Projects and Portfolio Links on LinkedIn",linkedin featured section,Informational,LinkedIn & Personal Branding,Creative/tech,All,Tier 2,Medium,Medium,High,High,Portfolio Studio,linkedin-featured-and-projects,linkedin-featured-and-projects.png,portfolio-as-proof-of-skill
482,Recommendations: Who to Ask and What to Ask For,linkedin recommendations,Informational,LinkedIn & Personal Branding,Job seekers,All,Tier 2,Medium,Medium,Medium,High,LinkedIn profile sync,asking-for-recommendations,asking-for-recommendations.png,linkedin-about-section
483,Messaging a Recruiter on LinkedIn Without Being Ignored,message recruiter linkedin,Informational,LinkedIn & Personal Branding,Job seekers,All,Tier 1,High,High,Medium,High,LinkedIn profile sync,messaging-a-recruiter,messaging-a-recruiter.png,cold-outreach-that-works
484,Cold Outreach to a Hiring Manager,cold message hiring manager,Informational,LinkedIn & Personal Branding,Job seekers,All,Tier 1,Medium,High,Medium,High,LinkedIn profile sync,cold-outreach-that-works,cold-outreach-that-works.png,messaging-a-recruiter
485,Asking for a Referral From Someone You Barely Know,ask for referral linkedin,Informational,LinkedIn & Personal Branding,Job seekers,All,Tier 1,High,High,Medium,High,LinkedIn profile sync,asking-a-weak-tie-for-referral,asking-a-weak-tie-for-referral.png,cold-outreach-that-works
486,Posting on LinkedIn When You're Job Hunting,linkedin posting job search,Informational,LinkedIn & Personal Branding,Job seekers,All,Tier 3,Medium,Medium,Low,Medium,LinkedIn profile sync,posting-while-job-hunting,posting-while-job-hunting.png,job-searching-quietly
487,Who Actually Needs a Portfolio (and Who Doesn't),do i need a portfolio,Informational,Portfolio,Job seekers,All,Tier 1,Medium,High,High,Very High,Portfolio Studio,who-needs-a-portfolio,who-needs-a-portfolio.png,portfolio-from-your-resume
488,Building a Portfolio Site From the Resume You Already Have,portfolio from resume,Transactional,Portfolio,Job seekers,All,Tier 1,Medium,High,Very High,Very High,Portfolio Studio,portfolio-from-your-resume,portfolio-from-your-resume.png,who-needs-a-portfolio
489,Three Projects Beat Twelve: Curating a Portfolio,how many projects portfolio,Informational,Portfolio,Creative/tech,All,Tier 1,Medium,High,High,Very High,Portfolio Studio,three-projects-beat-twelve,three-projects-beat-twelve.png,writing-a-project-case-study
490,Writing a Project Case Study a Recruiter Will Finish,portfolio case study format,Informational,Portfolio,Creative/tech,All,Tier 1,Medium,High,High,Very High,Portfolio Studio,writing-a-project-case-study,writing-a-project-case-study.png,three-projects-beat-twelve
491,A Portfolio When Your Work Is Confidential,portfolio confidential work,Informational,Portfolio,Corporate professionals,Mid-career,Tier 2,Low,Medium,High,High,Portfolio Studio,portfolio-when-work-is-nda,portfolio-when-work-is-nda.png,confidential-work-on-resume
492,Turning Coursework and Personal Projects Into Portfolio Pieces,coursework portfolio projects,Informational,Portfolio,Students/freshers,Student/Fresher,Tier 1,Medium,High,High,Very High,Portfolio Studio,coursework-into-portfolio-pieces,coursework-into-portfolio-pieces.png,side-projects-as-evidence
493,Portfolios for Non-Creative Roles,portfolio for analyst,Informational,Portfolio,Business professionals,Mid-career,Tier 2,Low,Medium,High,High,Portfolio Studio,portfolio-for-non-creative-roles,portfolio-for-non-creative-roles.png,who-needs-a-portfolio
494,"A Data Portfolio That Shows Judgment, Not Just Charts",data analyst portfolio,Informational,Portfolio,Data professionals,All,Tier 1,Medium,High,High,Very High,Portfolio Studio,data-portfolio-that-shows-judgment,data-portfolio-that-shows-judgment.png,writing-a-project-case-study
495,A Developer Portfolio Beyond a GitHub Link,developer portfolio github,Informational,Portfolio,Tech professionals,All,Tier 1,Medium,High,High,Very High,Portfolio Studio,developer-portfolio-beyond-github,developer-portfolio-beyond-github.png,three-projects-beat-twelve
496,A Writing Portfolio Without Published Clips,writing portfolio no clips,Informational,Portfolio,Creative professionals,Early-career,Tier 2,Low,Medium,High,High,Portfolio Studio,writing-portfolio-no-clips,writing-portfolio-no-clips.png,coursework-into-portfolio-pieces
497,Personal Site vs PDF Portfolio,portfolio website or pdf,Informational,Portfolio,Creative professionals,All,Tier 2,Medium,Medium,High,High,Portfolio Studio,site-or-pdf-portfolio,site-or-pdf-portfolio.png,who-needs-a-portfolio
498,What to Put on the Portfolio Home Page,portfolio homepage,Informational,Portfolio,Creative/tech,All,Tier 2,Low,Medium,High,High,Portfolio Studio,portfolio-home-page-contents,portfolio-home-page-contents.png,site-or-pdf-portfolio
499,Keeping a Portfolio Current Without Rebuilding It,update portfolio regularly,Informational,Portfolio,Creative/tech,All,Tier 3,Low,Low,Medium,Medium,Portfolio Studio,keeping-a-portfolio-current,keeping-a-portfolio-current.png,portfolio-home-page-contents
500,Using AI on Your Resume Without Losing Your Voice,ai resume writing voice,Informational,AI & Careers,Active applicants,All,Tier 1,High,High,Very High,Very High,Resume tailoring (JD match),ai-without-losing-your-voice,ai-without-losing-your-voice.png,ai-resume-sounds-generic-fix
501,What AI Gets Wrong About Your Resume,ai resume mistakes,Informational,AI & Careers,Active applicants,All,Tier 1,Medium,High,Very High,Very High,Resume tailoring (JD match),what-ai-gets-wrong,what-ai-gets-wrong.png,ai-without-losing-your-voice
502,Fact-Checking an AI-Written Resume Before You Send It,check ai resume accuracy,Transactional,AI & Careers,Active applicants,All,Tier 1,Medium,High,Very High,Very High,ATS score + scan,factchecking-an-ai-resume,factchecking-an-ai-resume.png,what-ai-gets-wrong
503,AI Invented a Skill You Don't Have — Catching It,ai hallucinated resume skill,Informational,AI & Careers,Active applicants,All,Tier 1,Low,Medium,Very High,Very High,ATS score + scan,ai-invented-a-skill,ai-invented-a-skill.png,factchecking-an-ai-resume
504,Is Using AI on a Job Application Cheating?,is ai resume cheating,Informational,AI & Careers,Active applicants,All,Tier 1,High,High,High,Very High,Resume tailoring (JD match),is-using-ai-cheating,is-using-ai-cheating.png,employers-ai-policies
505,Employers Who Ask Whether You Used AI,employer ai disclosure policy,Informational,AI & Careers,Active applicants,All,Tier 2,Medium,Medium,High,High,Resume tailoring (JD match),employers-ai-policies,employers-ai-policies.png,is-using-ai-cheating
506,AI Tools That Help a Job Search and Ones That Waste Time,ai job search tools,Commercial,AI & Careers,Job seekers,All,Tier 1,High,High,High,Very High,Resume tailoring (JD match),ai-tools-worth-using,ai-tools-worth-using.png,auto-apply-bots-reality
507,Auto-Apply Bots: Why Volume Without Tailoring Fails,auto apply bots jobs,Informational,AI & Careers,Job seekers,All,Tier 1,High,High,High,Very High,Resume tailoring (JD match),auto-apply-bots-reality,auto-apply-bots-reality.png,ai-tools-worth-using
508,Which Jobs AI Is Actually Changing in Your Field,ai changing my job,Informational,AI & Careers,Professionals,All,Tier 2,Very High,Very High,Medium,Medium,Resume tailoring (JD match),ai-changing-your-field,ai-changing-your-field.png,ai-skills-worth-adding
509,AI Skills Worth Adding to a Resume This Year,ai skills on resume,Informational,AI & Careers,Professionals,All,Tier 1,High,High,High,Very High,JD keyword extraction,ai-skills-worth-adding,ai-skills-worth-adding.png,ai-changing-your-field
510,Prompt Engineering on a Resume: Real Signal or Noise,prompt engineering resume,Informational,AI & Careers,Tech professionals,All,Tier 2,Medium,Medium,High,High,JD keyword extraction,prompt-engineering-on-resume,prompt-engineering-on-resume.png,ai-skills-worth-adding
511,How Many Applications a Week Is Realistic,how many applications per week,Informational,Job Search Strategy,Job seekers,All,Tier 1,High,High,High,Very High,Chrome extension,applications-per-week-realistic,applications-per-week-realistic.png,quality-versus-volume
512,Quality vs Volume: The Numbers Behind Both Strategies,quality vs quantity job applications,Informational,Job Search Strategy,Job seekers,All,Tier 1,Medium,High,Very High,Very High,Resume tailoring (JD match),quality-versus-volume,quality-versus-volume.png,applications-per-week-realistic
513,Tracking Applications Without a Spreadsheet Mess,track job applications,Transactional,Job Search Strategy,Job seekers,All,Tier 2,High,High,High,High,Multi-version resume management,tracking-applications-simply,tracking-applications-simply.png,tracking-which-resume-you-sent
514,A Weekly Job-Search Routine That Survives a Full-Time Job,job search routine while working,Informational,Job Search Strategy,Employed candidates,Mid-career,Tier 2,Medium,Medium,High,High,Chrome extension,weekly-job-search-routine,weekly-job-search-routine.png,applications-per-week-realistic
515,Where Your Applications Actually Go After Submit,what happens after you apply,Informational,Job Search Strategy,Job seekers,All,Tier 1,Medium,High,High,Very High,ATS score + scan,what-happens-after-submit,what-happens-after-submit.png,knockout-questions-explained
516,Company Site or Job Board: Which Application Wins,apply company site or job board,Informational,Job Search Strategy,Job seekers,All,Tier 1,Medium,High,High,Very High,Chrome extension,company-site-or-job-board,company-site-or-job-board.png,easy-apply-resume-parsing
517,When Easy Apply Is Worth It and When It Isn't,linkedin easy apply worth it,Informational,Job Search Strategy,Job seekers,All,Tier 1,High,High,High,Very High,Chrome extension,when-easy-apply-is-worth-it,when-easy-apply-is-worth-it.png,company-site-or-job-board
518,Reading a Salary Range Before You Apply,job posting salary range,Informational,Job Search Strategy,Job seekers,All,Tier 2,High,High,Medium,Medium,Resume tailoring (JD match),reading-a-posted-salary-range,reading-a-posted-salary-range.png,ghost-jobs-how-to-spot
519,Applying to a Company Twice in One Month,multiple applications one company,Informational,Job Search Strategy,Job seekers,All,Tier 3,Low,Low,Medium,Medium,Multi-version resume management,two-applications-one-month,two-applications-one-month.png,applying-twice-same-company
520,Recruiters Who Contact You: Sorting Real From Noise,recruiter message real or spam,Informational,Job Search Strategy,Passive candidates,Mid-career,Tier 2,Medium,Medium,Medium,High,LinkedIn profile sync,sorting-recruiter-messages,sorting-recruiter-messages.png,messaging-a-recruiter
521,Keeping a Resume Ready for Opportunities You Didn't Plan,resume ready passive candidate,Informational,Job Search Strategy,Passive candidates,Mid-career,Tier 2,Low,Medium,High,High,Multi-version resume management,staying-application-ready,staying-application-ready.png,keeping-a-running-brag-file
522,The Application You Should Not Send,when not to apply,Informational,Job Search Strategy,Job seekers,All,Tier 2,Low,Medium,High,High,Resume tailoring (JD match),the-application-not-to-send,the-application-not-to-send.png,quality-versus-volume
523,Reapplying After Six Months,reapply after six months,Informational,Job Search Strategy,Job seekers,All,Tier 3,Low,Low,Medium,Medium,Resume tailoring (JD match),reapplying-after-six-months,reapplying-after-six-months.png,reapplying-after-rejection
524,A One-Page Resume When You've Never Had a Job,resume no work experience one page,Informational,Resume Writing,Students/freshers,Student/Fresher,Tier 1,Very High,Very High,Very High,Very High,Resume templates + PDF render,one-page-resume-no-jobs,one-page-resume-no-jobs.png,what-fills-a-fresher-resume
525,What Fills the Page When Experience Is Empty,what to put on resume no experience,Informational,Resume Writing,Students/freshers,Student/Fresher,Tier 1,Very High,Very High,Very High,Very High,Resume templates + PDF render,what-fills-a-fresher-resume,what-fills-a-fresher-resume.png,one-page-resume-no-jobs
526,University Projects Written as Professional Work,college projects on resume,Informational,Resume Sections,Students/freshers,Student/Fresher,Tier 1,High,High,Very High,Very High,Bullet rewrite / quantification,university-projects-as-work,university-projects-as-work.png,what-fills-a-fresher-resume
527,A Final-Year Project on One Line and on Five,final year project resume,Informational,Resume Sections,Students/freshers,Student/Fresher,Tier 2,Medium,Medium,High,High,Bullet rewrite / quantification,final-year-project-depth,final-year-project-depth.png,university-projects-as-work
528,Group Coursework: Claiming Your Part Honestly,group project resume,Informational,Resume Sections,Students/freshers,Student/Fresher,Tier 2,Low,Medium,High,High,Bullet rewrite / quantification,group-coursework-your-part,group-coursework-your-part.png,team-vs-individual-credit
529,"Society, Club and Sports Roles That Count",extracurricular on resume,Informational,Resume Sections,Students/freshers,Student/Fresher,Tier 2,Medium,Medium,High,High,Resume templates + PDF render,extracurriculars-that-count,extracurriculars-that-count.png,what-fills-a-fresher-resume
530,A Summer Job That Has Nothing to Do With Your Degree,unrelated job on student resume,Informational,Resume Sections,Students/freshers,Student/Fresher,Tier 2,Medium,Medium,High,High,Bullet rewrite / quantification,unrelated-summer-job,unrelated-summer-job.png,part-time-jobs-placement
531,Applying for an Internship With No Internships,internship resume no experience,Informational,Resume Tailoring,Students/freshers,Student/Fresher,Tier 1,High,High,Very High,Very High,Resume tailoring (JD match),internship-with-no-internships,internship-with-no-internships.png,what-fills-a-fresher-resume
532,Converting an Internship Into a Full-Time Offer on Paper,internship to fulltime resume,Informational,Resume Tailoring,Students/freshers,Entry-level,Tier 2,Medium,Medium,High,High,Resume tailoring (JD match),internship-to-fulltime-paper,internship-to-fulltime-paper.png,internship-with-no-internships
533,A Graduate Scheme Application Resume,graduate scheme resume,Informational,Resume Tailoring,Students/freshers,Student/Fresher,Tier 1,High,High,High,Very High,Resume tailoring (JD match),graduate-scheme-resume,graduate-scheme-resume.png,selection-criteria-responses
534,"Campus Placement Resume: One Document, Many Companies",placement resume multiple companies,Informational,Resume Tailoring,Students/freshers,Student/Fresher,Tier 1,High,High,High,Very High,Multi-version resume management,placement-resume-many-companies,placement-resume-many-companies.png,master-resume-how-to-use
535,Your First Resume After a Bootcamp,bootcamp graduate resume,Informational,Resume Tailoring,Career changers,Entry-level,Tier 1,Medium,High,High,Very High,Resume tailoring (JD match),first-resume-after-bootcamp,first-resume-after-bootcamp.png,bootcamp-alongside-degree
536,Self-Taught With No Degree: Building Credibility,self taught developer resume,Informational,Resume Tailoring,Self-taught professionals,Entry-level,Tier 1,Medium,High,Very High,Very High,Portfolio Studio,self-taught-no-degree-resume,self-taught-no-degree-resume.png,side-projects-as-evidence
537,"Listing Hackathons, Competitions and Open Source",hackathon on resume,Informational,Resume Sections,Students/freshers,Student/Fresher,Tier 2,Medium,Medium,High,High,Portfolio Studio,hackathons-and-open-source,hackathons-and-open-source.png,side-projects-as-evidence
538,A Research Assistant Role on an Industry Resume,research assistant resume,Informational,Resume Sections,Students/freshers,Entry-level,Tier 2,Low,Medium,High,High,Bullet rewrite / quantification,research-assistant-on-resume,research-assistant-on-resume.png,academic-cv-to-industry-resume
539,Study Abroad and Exchange Terms,study abroad on resume,Informational,Resume Sections,Students/freshers,Student/Fresher,Tier 3,Low,Low,Medium,Medium,Resume templates + PDF render,study-abroad-on-resume,study-abroad-on-resume.png,extracurriculars-that-count
540,Graduating Into a Weak Market,graduating bad job market resume,Informational,Resume Tailoring,Students/freshers,Student/Fresher,Tier 2,Medium,Medium,High,High,Resume tailoring (JD match),graduating-into-a-weak-market,graduating-into-a-weak-market.png,quality-versus-volume
541,Six Months Post-Graduation With No Offers,no job after graduation resume,Informational,Resume Tailoring,Students/freshers,Entry-level,Tier 1,Medium,High,Very High,Very High,ATS score + scan,six-months-post-graduation,six-months-post-graduation.png,diagnosing-a-resume-that-fails
542,Your Second Job: What Changes From the First Resume,second job resume,Informational,Resume Writing,Early-career,Early-career,Tier 1,Medium,High,High,Very High,Resume tailoring (JD match),second-job-resume-changes,second-job-resume-changes.png,when-to-drop-internships
543,Two Years In and Applying for a Mid-Level Role,2 years experience resume,Informational,Resume Tailoring,Early-career,Early-career,Tier 1,Medium,High,High,Very High,Resume tailoring (JD match),two-years-in-going-mid-level,two-years-in-going-mid-level.png,tailoring-for-a-stretch-role
544,Asking for More Responsibility to Fill the Resume,get experience for resume,Informational,Resume Writing,Early-career,Early-career,Tier 2,Low,Medium,High,High,Bullet rewrite / quantification,building-experience-to-write-about,building-experience-to-write-about.png,filling-a-gap-in-progress
545,When Your Title Undersells What You Do,title undersells work,Informational,Resume Sections,Early-career,Early-career,Tier 1,Low,Medium,High,Very High,Resume tailoring (JD match),title-undersells-your-work,title-undersells-your-work.png,nonstandard-job-title-fix
546,Leaving a First Job Before a Year,leaving job before one year resume,Informational,Resume Tailoring,Early-career,Early-career,Tier 1,Medium,High,High,Very High,Resume tailoring (JD match),leaving-before-one-year,leaving-before-one-year.png,short-stints-on-a-resume
547,A Resume After a Graduate Programme Ends,after graduate scheme resume,Informational,Resume Tailoring,Early-career,Early-career,Tier 2,Low,Medium,High,High,Resume tailoring (JD match),after-a-graduate-programme,after-a-graduate-programme.png,second-job-resume-changes
548,Twenty Years of Experience on Two Pages,20 years experience resume length,Informational,Resume Writing,Senior professionals,Senior,Tier 1,Medium,High,Very High,Very High,Resume tailoring (JD match),twenty-years-two-pages,twenty-years-two-pages.png,how-far-back-experience-goes
549,What a Senior Resume Stops Including,senior resume what to remove,Informational,Resume Writing,Senior professionals,Senior,Tier 1,Medium,High,High,Very High,Resume tailoring (JD match),what-senior-resumes-drop,what-senior-resumes-drop.png,twenty-years-two-pages
550,"Scope, Budget and Headcount: The Senior Metrics",senior resume metrics,Informational,Resume Bullets & Achievements,Senior professionals,Senior,Tier 1,Medium,High,High,Very High,Bullet rewrite / quantification,scope-budget-headcount,scope-budget-headcount.png,metrics-that-actually-land
551,An Executive Resume Is a Different Document,executive resume format,Informational,Resume Writing,Executives,Executive,Tier 1,High,High,High,Very High,Resume templates + PDF render,executive-resume-is-different,executive-resume-is-different.png,board-level-resume
552,A Board or Advisory Resume,board resume,Informational,Resume Writing,Executives,Executive,Tier 3,Low,Low,Medium,Medium,Resume templates + PDF render,board-level-resume,board-level-resume.png,executive-resume-is-different
553,P&L Ownership and How to State It,p and l on resume,Informational,Resume Bullets & Achievements,Executives,Executive,Tier 2,Low,Medium,High,High,Bullet rewrite / quantification,stating-p-and-l-ownership,stating-p-and-l-ownership.png,scope-budget-headcount
554,Turnaround and Transformation Stories on a Resume,transformation leader resume,Informational,Resume Bullets & Achievements,Executives,Executive,Tier 2,Low,Medium,High,High,Bullet rewrite / quantification,turnaround-stories-on-resume,turnaround-stories-on-resume.png,stating-p-and-l-ownership
555,Executive Search: What Headhunters Read First,headhunter resume,Informational,Resume Tailoring,Executives,Executive,Tier 2,Medium,Medium,High,High,Resume tailoring (JD match),what-headhunters-read-first,what-headhunters-read-first.png,executive-resume-is-different
556,Moving From Senior IC to First Management Role,ic to manager resume,Informational,Resume Tailoring,Senior professionals,Senior,Tier 1,Medium,High,High,Very High,Resume tailoring (JD match),first-management-role-resume,first-management-role-resume.png,leadership-without-the-title
557,Moving Back From Management to IC,manager back to ic resume,Informational,Resume Tailoring,Senior professionals,Senior,Tier 2,Low,Medium,High,High,Resume tailoring (JD match),management-back-to-ic,management-back-to-ic.png,deliberately-stepping-down
558,A Resume for a Fractional or Portfolio Career,fractional executive resume,Informational,Resume Writing,Executives,Executive,Tier 3,Low,Medium,Medium,Medium,Resume templates + PDF render,fractional-career-resume,fractional-career-resume.png,self-employment-on-resume
559,Consulting Independently After a Corporate Career,independent consultant resume,Informational,Resume Writing,Senior professionals,Senior,Tier 2,Low,Medium,High,High,Resume templates + PDF render,independent-consultant-resume,independent-consultant-resume.png,fractional-career-resume
560,A Returnship Application Resume,returnship resume,Informational,Resume Tailoring,Returners,Returner,Tier 2,Low,Medium,High,High,Resume tailoring (JD match),returnship-application-resume,returnship-application-resume.png,explaining-the-gap-on-paper
561,Re-entering After Raising Children,return to work after children,Informational,Resume Tailoring,Returners,Returner,Tier 1,High,High,High,Very High,Resume tailoring (JD match),reentering-after-children,reentering-after-children.png,parental-leave-gap-resume
562,Returning After Caring for a Relative,return to work after caring,Informational,Resume Tailoring,Returners,Returner,Tier 2,Medium,Medium,High,High,Resume tailoring (JD match),returning-after-caring,returning-after-caring.png,caregiving-gap-on-resume
563,Refreshing Skills Before You Apply Again,refresh skills before applying,Informational,Resume Tailoring,Returners,Returner,Tier 2,Low,Medium,High,High,Portfolio Studio,refreshing-skills-before-applying,refreshing-skills-before-applying.png,filling-a-gap-in-progress
564,A Resume for Someone Leaving the Military,transitioning out of military resume,Informational,Resume Tailoring,Veterans,Career changer,Tier 1,Medium,High,High,Very High,Resume tailoring (JD match),leaving-the-military-resume,leaving-the-military-resume.png,military-to-civilian-translation
565,A Resume With a Disability or Accommodation Question,disability on resume,Informational,Resume Tailoring,Job seekers,All,Tier 2,Medium,Medium,Medium,High,Resume tailoring (JD match),disability-and-the-resume,disability-and-the-resume.png,health-gap-how-much-to-say
566,Neurodivergent Job Seekers: Writing to Your Strengths,neurodivergent resume,Informational,Resume Tailoring,Job seekers,All,Tier 2,Low,Medium,Medium,High,Resume tailoring (JD match),neurodivergent-resume-strengths,neurodivergent-resume-strengths.png,disability-and-the-resume
567,Applying With a Criminal Record,criminal record job application,Informational,Resume Tailoring,Returners,All,Tier 3,Medium,Medium,Medium,Medium,Resume tailoring (JD match),applying-with-a-record,applying-with-a-record.png,resume-after-incarceration
568,Relocating: A Resume for a City You Don't Live In Yet,resume for relocation,Informational,Resume Tailoring,Relocating candidates,All,Tier 1,Medium,High,High,Very High,Resume tailoring (JD match),resume-when-relocating,resume-when-relocating.png,address-on-resume-2026
569,Applying Internationally Without Local Experience,no local experience resume,Informational,Resume Tailoring,International applicants,All,Tier 1,Medium,High,High,Very High,Resume tailoring (JD match),no-local-experience,no-local-experience.png,resume-when-relocating
570,Getting Foreign Qualifications Recognised on Paper,foreign degree on resume,Informational,Resume Sections,International applicants,All,Tier 2,Medium,Medium,High,High,Resume templates + PDF render,foreign-qualifications-on-paper,foreign-qualifications-on-paper.png,no-local-experience
571,"Your Name, Their Applicant Tracking System",unusual name ats,Informational,ATS Optimization,International applicants,All,Tier 3,Low,Low,Medium,Medium,ATS score + scan,name-fields-and-parsing,name-fields-and-parsing.png,contact-details-disappear-ats
572,Writing a Resume in a Second Language,resume in second language,Informational,Resume Writing,International applicants,All,Tier 2,Medium,Medium,High,High,Resume tailoring (JD match),resume-in-a-second-language,resume-in-a-second-language.png,foreign-qualifications-on-paper
573,A Resume for a Four-Day-Week Employer,four day week job application,Informational,Resume Tailoring,Job seekers,All,Tier 3,Low,Low,Low,Medium,Resume tailoring (JD match),four-day-week-applications,four-day-week-applications.png,remote-work-signals-resume
574,Applying to a Company That Just Had Layoffs,apply after company layoffs,Informational,Job Search Strategy,Job seekers,All,Tier 3,Low,Medium,Medium,Medium,Resume tailoring (JD match),applying-after-their-layoffs,applying-after-their-layoffs.png,ghost-jobs-how-to-spot
575,Applying to a Competitor of Your Current Employer,apply to competitor,Informational,Job Search Strategy,Employed candidates,Mid-career,Tier 2,Low,Medium,Medium,High,Resume tailoring (JD match),applying-to-a-competitor,applying-to-a-competitor.png,job-searching-quietly
576,Non-Competes and What You Can Put on a Resume,non compete resume,Informational,Resume Sections,Employed candidates,Mid-career,Tier 3,Low,Low,Medium,Medium,Resume tailoring (JD match),non-competes-and-your-resume,non-competes-and-your-resume.png,confidential-work-on-resume
577,A Resume for a Role That Didn't Exist Five Years Ago,new job title no history,Informational,Resume Tailoring,Job seekers,All,Tier 2,Low,Medium,High,High,Resume tailoring (JD match),roles-that-are-new,roles-that-are-new.png,tailoring-for-unfamiliar-titles
578,Photo or No Photo: A Country-by-Country Decision Table,resume photo which countries,Informational,International Resumes,International applicants,All,Tier 1,High,High,High,Very High,Resume templates + PDF render,photo-or-no-photo-by-country,photo-or-no-photo-by-country.png,personal-details-by-country
579,"Date of Birth, Marital Status, Nationality: What to Cut and Where",personal details on resume country,Informational,International Resumes,International applicants,All,Tier 1,Medium,High,High,Very High,Resume templates + PDF render,personal-details-by-country,personal-details-by-country.png,photo-or-no-photo-by-country
580,Signing and Dating a Resume: Where It's Still Expected,sign resume country,Informational,International Resumes,International applicants,All,Tier 3,Low,Low,Medium,Medium,Resume templates + PDF render,signing-and-dating-a-resume,signing-and-dating-a-resume.png,personal-details-by-country
581,Page Length Expectations That Change by Country,resume length by country,Informational,International Resumes,International applicants,All,Tier 1,Medium,High,High,Very High,Resume templates + PDF render,page-length-by-country,page-length-by-country.png,one-page-or-two-decision
582,"Paper Sizes, Margins and PDF Settings for Overseas Applications",a4 vs letter resume,Informational,International Resumes,International applicants,All,Tier 3,Low,Low,Medium,Medium,Resume templates + PDF render,paper-size-and-pdf-settings,paper-size-and-pdf-settings.png,page-length-by-country
583,CV or Resume: What the Word Means Where You're Applying,cv or resume difference country,Informational,International Resumes,International applicants,All,Tier 1,Very High,Very High,High,Very High,Resume templates + PDF render,cv-or-resume-by-country,cv-or-resume-by-country.png,academic-cv-vs-industry-cv
584,Academic CV vs Industry CV in Europe,academic cv europe,Informational,International Resumes,Academics,All,Tier 2,Medium,Medium,High,High,Resume templates + PDF render,academic-cv-vs-industry-cv,academic-cv-vs-industry-cv.png,cv-or-resume-by-country
585,Europass: When It Helps and When It Hurts,europass cv worth it,Informational,International Resumes,International applicants,All,Tier 1,Medium,High,High,Very High,Resume templates + PDF render,europass-help-or-hurt,europass-help-or-hurt.png,cv-or-resume-by-country
586,British or American Spelling on a Resume,british or american spelling resume,Informational,International Resumes,International applicants,All,Tier 2,Medium,Medium,Medium,High,Resume tailoring (JD match),british-or-american-spelling,british-or-american-spelling.png,tone-and-directness-by-market
587,How Direct to Sound: Self-Promotion Norms by Market,resume tone by country,Informational,International Resumes,International applicants,All,Tier 2,Low,Medium,High,High,Bullet rewrite / quantification,tone-and-directness-by-market,tone-and-directness-by-market.png,british-or-american-spelling
588,Writing an English Resume When English Isn't Your First Language,english resume non native speaker,Informational,International Resumes,International applicants,All,Tier 1,Medium,High,High,Very High,Resume tailoring (JD match),english-resume-non-native,english-resume-non-native.png,resume-in-a-second-language
589,Translating a Resume Without Losing the Achievements,translate resume to english,Informational,International Resumes,International applicants,All,Tier 1,Medium,High,High,Very High,Resume tailoring (JD match),translating-a-resume-well,translating-a-resume-well.png,english-resume-non-native
590,Bilingual Applications: Submitting Two Versions,bilingual resume versions,Informational,International Resumes,International applicants,All,Tier 2,Low,Medium,High,High,Multi-version resume management,bilingual-resume-versions,bilingual-resume-versions.png,translating-a-resume-well
591,Stating a Degree Classification Foreign Recruiters Understand,degree classification on resume,Informational,International Resumes,International applicants,All,Tier 2,Low,Medium,High,High,Resume templates + PDF render,degree-classification-abroad,degree-classification-abroad.png,gpa-conversion-on-resume
592,"GPA, Percentage or Class: Converting Grades on a Resume",convert gpa for resume,Informational,International Resumes,International applicants,All,Tier 2,Medium,Medium,High,High,Resume templates + PDF render,gpa-conversion-on-resume,gpa-conversion-on-resume.png,degree-classification-abroad
593,Professional Licences That Don't Transfer,licence not recognised abroad resume,Informational,International Resumes,Healthcare professionals,All,Tier 2,Low,Medium,High,High,Resume templates + PDF render,licences-that-dont-transfer,licences-that-dont-transfer.png,foreign-qualifications-on-paper
594,Naming an Employer Nobody Abroad Recognises,unknown foreign employer resume,Informational,International Resumes,International applicants,All,Tier 2,Low,Medium,High,High,Bullet rewrite / quantification,unknown-foreign-employer,unknown-foreign-employer.png,context-for-unknown-employers
595,Currency and Units in Achievements for a Foreign Reader,currency on resume,Informational,International Resumes,International applicants,All,Tier 3,Low,Low,Medium,Medium,Bullet rewrite / quantification,currency-and-units-in-bullets,currency-and-units-in-bullets.png,unknown-foreign-employer
596,Should Your Resume Mention Work Authorisation at All?,mention visa status on resume,Informational,International Resumes,International applicants,All,Tier 1,High,High,High,Very High,Resume tailoring (JD match),mentioning-work-authorisation,mentioning-work-authorisation.png,already-authorised-how-to-say-it
597,You Already Have the Right to Work — Saying So in One Line,right to work line on resume,Informational,International Resumes,International applicants,All,Tier 1,Medium,High,High,Very High,Resume tailoring (JD match),already-authorised-how-to-say-it,already-authorised-how-to-say-it.png,mentioning-work-authorisation
598,The Sponsorship Question on an Application Form,sponsorship question application form,Informational,International Resumes,International applicants,All,Tier 1,High,High,High,Very High,ATS score + scan,the-sponsorship-question-field,the-sponsorship-question-field.png,knockout-questions-explained
599,The German Lebenslauf: Structure Recruiters Expect,lebenslauf structure,Informational,International Resumes,International applicants,All,Tier 2,Medium,Medium,High,High,Resume templates + PDF render,lebenslauf-structure-expected,lebenslauf-structure-expected.png,german-application-folder
600,The German Application Folder: Certificates and Attachments,bewerbungsmappe zeugnisse,Informational,International Resumes,International applicants,All,Tier 2,Low,Medium,Medium,High,Resume templates + PDF render,german-application-folder,german-application-folder.png,lebenslauf-structure-expected
601,French CV Conventions and the Lettre de Motivation,french cv conventions,Informational,International Resumes,International applicants,All,Tier 2,Medium,Medium,High,High,Resume templates + PDF render,french-cv-conventions,french-cv-conventions.png,photo-or-no-photo-by-country
602,Dutch CV Expectations for English Speakers,dutch cv english,Informational,International Resumes,International applicants,All,Tier 2,Low,Medium,High,High,Resume templates + PDF render,dutch-cv-for-english-speakers,dutch-cv-for-english-speakers.png,tone-and-directness-by-market
603,Nordic Applications: Short CVs and Personal Letters,nordic cv personal letter,Informational,International Resumes,International applicants,All,Tier 3,Low,Low,Medium,Medium,Resume templates + PDF render,nordic-cv-and-personal-letter,nordic-cv-and-personal-letter.png,page-length-by-country
604,Spanish and Latin American CV Conventions,spanish cv format,Informational,International Resumes,International applicants,All,Tier 2,Medium,Medium,Medium,High,Resume templates + PDF render,spanish-cv-conventions,spanish-cv-conventions.png,photo-or-no-photo-by-country
605,Italian CV and the Privacy Consent Line,italian cv privacy consent,Informational,International Resumes,International applicants,All,Tier 3,Low,Low,Medium,Medium,Resume templates + PDF render,italian-cv-privacy-line,italian-cv-privacy-line.png,spanish-cv-conventions
606,Swiss Applications: Precision and the Reference Letter,swiss cv references,Informational,International Resumes,International applicants,All,Tier 3,Low,Low,Medium,Medium,Resume templates + PDF render,swiss-cv-and-references,swiss-cv-and-references.png,german-application-folder
607,Middle East Resumes: What Gulf Employers Expect on Page One,gulf resume expectations,Informational,International Resumes,International applicants,All,Tier 2,Medium,Medium,High,High,Resume templates + PDF render,gulf-resume-page-one,gulf-resume-page-one.png,personal-details-by-country
608,Korean Resumes and the Standard Application Form,korean resume form,Informational,International Resumes,International applicants,All,Tier 3,Low,Low,Medium,Medium,Resume templates + PDF render,korean-standard-application-form,korean-standard-application-form.png,cv-or-resume-by-country
609,Applying to Japanese Companies in English,japan english application,Informational,International Resumes,International applicants,All,Tier 2,Medium,Medium,High,High,Resume tailoring (JD match),japan-applying-in-english,japan-applying-in-english.png,english-resume-non-native
610,Indian Resumes for Global Roles: What to Drop,indian resume for international jobs,Informational,International Resumes,International applicants,All,Tier 1,High,High,High,Very High,Resume tailoring (JD match),indian-resume-going-global,indian-resume-going-global.png,personal-details-by-country
611,Australian and New Zealand Applications: Selection Criteria Style,australia selection criteria resume,Informational,International Resumes,International applicants,All,Tier 2,Medium,Medium,High,High,Resume tailoring (JD match),anz-selection-criteria-style,anz-selection-criteria-style.png,selection-criteria-responses
612,Canadian Applications: What Differs From the US Resume,canada vs us resume difference,Informational,International Resumes,International applicants,All,Tier 1,Medium,High,High,Very High,Resume tailoring (JD match),canada-versus-us-resume,canada-versus-us-resume.png,cv-or-resume-by-country
613,UK Applications: The Personal Statement at the Top,uk cv personal statement,Informational,International Resumes,International applicants,All,Tier 1,High,High,High,Very High,Resume summary generator,uk-cv-personal-statement,uk-cv-personal-statement.png,summary-in-three-sentences
614,Irish and UK Referee Expectations,uk cv references,Informational,International Resumes,International applicants,All,Tier 3,Low,Low,Medium,Medium,Resume templates + PDF render,uk-irish-referees,uk-irish-referees.png,references-available-on-request
615,Singapore and Hong Kong: Expected Resume Fields,singapore resume fields,Informational,International Resumes,International applicants,All,Tier 2,Medium,Medium,High,High,Resume templates + PDF render,singapore-hongkong-resume-fields,singapore-hongkong-resume-fields.png,personal-details-by-country
616,Remote Roles Hiring Across Borders: Which Format Wins,remote international resume format,Informational,International Resumes,Remote seekers,All,Tier 1,Medium,High,High,Very High,Resume tailoring (JD match),remote-cross-border-format,remote-cross-border-format.png,tailoring-for-remote-first
617,One Resume for Multiple Countries: Where It Breaks,same resume different countries,Informational,International Resumes,International applicants,All,Tier 1,Medium,High,Very High,Very High,Multi-version resume management,one-resume-many-countries,one-resume-many-countries.png,splitting-resume-versions
618,How Tech Recruiters Skim a Developer Resume,tech recruiter resume scan,Informational,Industry & Role Guides,Tech professionals,Mid-career,Tier 1,Medium,High,Very High,Very High,Bullet rewrite / quantification,how-tech-recruiters-skim,how-tech-recruiters-skim.png,metrics-that-actually-land; duty-into-achievement
619,Listing a Tech Stack Without a Wall of Logos,tech stack on resume,Informational,Industry & Role Guides,Tech professionals,All,Tier 1,Medium,High,Very High,Very High,Bullet rewrite / quantification,tech-stack-without-a-wall,tech-stack-without-a-wall.png,metrics-that-actually-land; duty-into-achievement
620,Which Programming Languages to List and in What Order,programming languages resume order,Informational,Industry & Role Guides,Tech professionals,All,Tier 1,Medium,High,Very High,Very High,Bullet rewrite / quantification,languages-to-list-and-order,languages-to-list-and-order.png,metrics-that-actually-land; duty-into-achievement
621,GitHub on a Resume When the Repos Are Quiet,github on resume empty,Informational,Industry & Role Guides,Tech professionals,Early-career,Tier 1,Medium,High,Very High,Very High,Bullet rewrite / quantification,github-when-repos-are-quiet,github-when-repos-are-quiet.png,metrics-that-actually-land; duty-into-achievement
622,Describing System Design Work in Two Lines,system design on resume,Informational,Industry & Role Guides,Tech professionals,Senior,Tier 2,Low,Medium,High,High,Bullet rewrite / quantification,system-design-in-two-lines,system-design-in-two-lines.png,metrics-that-actually-land; duty-into-achievement
623,"On-Call, Incidents and Reliability as Achievements",on call experience resume,Informational,Industry & Role Guides,Tech professionals,Mid-career,Tier 2,Low,Medium,High,High,Bullet rewrite / quantification,oncall-and-incidents-as-wins,oncall-and-incidents-as-wins.png,metrics-that-actually-land; duty-into-achievement
624,Migrations and Refactors: Making Invisible Work Visible,migration project resume,Informational,Industry & Role Guides,Tech professionals,Mid-career,Tier 2,Low,Medium,High,High,Bullet rewrite / quantification,migrations-as-achievements,migrations-as-achievements.png,metrics-that-actually-land; duty-into-achievement
625,Open Source Contributions That Carry Weight,open source on resume,Informational,Industry & Role Guides,Tech professionals,All,Tier 2,Low,Medium,High,High,Bullet rewrite / quantification,open-source-that-counts,open-source-that-counts.png,metrics-that-actually-land; duty-into-achievement
626,Certifications in Cloud: Which Ones Recruiters Filter On,cloud certification resume,Informational,Industry & Role Guides,Tech professionals,All,Tier 1,Medium,High,Very High,Very High,Bullet rewrite / quantification,cloud-certs-recruiters-filter,cloud-certs-recruiters-filter.png,metrics-that-actually-land; duty-into-achievement
627,"Agile, Scrum and Ceremonies: What Not to Pad With",agile on resume,Informational,Industry & Role Guides,Tech professionals,All,Tier 2,Low,Medium,High,High,Bullet rewrite / quantification,agile-without-padding,agile-without-padding.png,metrics-that-actually-land; duty-into-achievement
628,A Resume for a Startup Engineering Team of Five,startup engineer resume,Informational,Industry & Role Guides,Tech professionals,Mid-career,Tier 2,Low,Medium,High,High,Bullet rewrite / quantification,startup-engineering-resume,startup-engineering-resume.png,metrics-that-actually-land; duty-into-achievement
629,A Resume for Big Tech Hiring Committees,big tech resume committee,Informational,Industry & Role Guides,Tech professionals,Mid-career,Tier 1,Medium,High,Very High,Very High,Bullet rewrite / quantification,big-tech-committee-resume,big-tech-committee-resume.png,metrics-that-actually-land; duty-into-achievement
630,Showing SQL Depth Beyond 'SQL' in the Skills List,sql on resume depth,Informational,Industry & Role Guides,Data professionals,All,Tier 1,Medium,High,Very High,Very High,Bullet rewrite / quantification,sql-depth-beyond-the-word,sql-depth-beyond-the-word.png,metrics-that-actually-land; duty-into-achievement
631,Dashboards vs Analysis: Framing Data Work by Outcome,data analyst resume outcomes,Informational,Industry & Role Guides,Data professionals,All,Tier 1,Medium,High,Very High,Very High,Bullet rewrite / quantification,dashboards-versus-analysis,dashboards-versus-analysis.png,metrics-that-actually-land; duty-into-achievement
632,A/B Tests and Experiments on a Resume,ab testing resume,Informational,Industry & Role Guides,Data professionals,Mid-career,Tier 2,Low,Medium,High,High,Bullet rewrite / quantification,experiments-on-a-resume,experiments-on-a-resume.png,metrics-that-actually-land; duty-into-achievement
633,Machine Learning Projects Without Production Experience,ml projects no production,Informational,Industry & Role Guides,Data professionals,Early-career,Tier 1,Medium,High,Very High,Very High,Bullet rewrite / quantification,ml-without-production,ml-without-production.png,metrics-that-actually-land; duty-into-achievement
634,Model Metrics That Mean Something to a Hiring Manager,ml metrics resume,Informational,Industry & Role Guides,Data professionals,Mid-career,Tier 2,Low,Medium,High,High,Bullet rewrite / quantification,model-metrics-that-land,model-metrics-that-land.png,metrics-that-actually-land; duty-into-achievement
635,Data Engineering Pipelines Described in Business Terms,data pipeline resume,Informational,Industry & Role Guides,Data professionals,Mid-career,Tier 2,Low,Medium,High,High,Bullet rewrite / quantification,pipelines-in-business-terms,pipelines-in-business-terms.png,metrics-that-actually-land; duty-into-achievement
636,Kaggle and Competition Results: Worth Listing?,kaggle on resume,Informational,Industry & Role Guides,Data professionals,Early-career,Tier 2,Low,Medium,High,High,Bullet rewrite / quantification,kaggle-worth-listing,kaggle-worth-listing.png,metrics-that-actually-land; duty-into-achievement
637,Deal Experience on a Finance Resume,deal experience resume,Informational,Industry & Role Guides,Finance professionals,Mid-career,Tier 1,Medium,High,Very High,Very High,Bullet rewrite / quantification,deal-experience-on-resume,deal-experience-on-resume.png,metrics-that-actually-land; duty-into-achievement
638,Naming Clients and Transactions Under Confidentiality,confidential deals resume,Informational,Industry & Role Guides,Finance professionals,Mid-career,Tier 2,Low,Medium,High,High,Bullet rewrite / quantification,naming-deals-under-nda,naming-deals-under-nda.png,metrics-that-actually-land; duty-into-achievement
639,"CFA, ACCA and Part-Qualified Status",cfa on resume,Informational,Industry & Role Guides,Finance professionals,All,Tier 1,Medium,High,Very High,Very High,Bullet rewrite / quantification,part-qualified-status-on-resume,part-qualified-status-on-resume.png,metrics-that-actually-land; duty-into-achievement
640,Modelling Skills That Aren't Just 'Excel',financial modelling resume skills,Informational,Industry & Role Guides,Finance professionals,All,Tier 1,Medium,High,Very High,Very High,Bullet rewrite / quantification,modelling-skills-beyond-excel,modelling-skills-beyond-excel.png,metrics-that-actually-land; duty-into-achievement
641,Regulatory and Audit Work as Achievements,audit experience resume,Informational,Industry & Role Guides,Finance professionals,Mid-career,Tier 2,Low,Medium,High,High,Bullet rewrite / quantification,audit-work-as-achievement,audit-work-as-achievement.png,metrics-that-actually-land; duty-into-achievement
642,Moving From Audit to Industry Finance,audit to industry resume,Informational,Industry & Role Guides,Finance professionals,Mid-career,Tier 1,Medium,High,Very High,Very High,Bullet rewrite / quantification,audit-to-industry-move,audit-to-industry-move.png,metrics-that-actually-land; duty-into-achievement
643,"Licences, Registration Numbers and Where They Go",nursing licence on resume,Informational,Industry & Role Guides,Healthcare professionals,All,Tier 1,Medium,High,Very High,Very High,Bullet rewrite / quantification,licences-and-registration-placement,licences-and-registration-placement.png,metrics-that-actually-land; duty-into-achievement
644,Clinical Rotations and Placements on a New-Grad Resume,clinical rotations resume,Informational,Industry & Role Guides,Healthcare professionals,Entry-level,Tier 1,Medium,High,Very High,Very High,Bullet rewrite / quantification,rotations-on-newgrad-resume,rotations-on-newgrad-resume.png,metrics-that-actually-land; duty-into-achievement
645,"Patient Volumes, Acuity and Unit Type as Evidence",nursing resume metrics,Informational,Industry & Role Guides,Healthcare professionals,Mid-career,Tier 1,Medium,High,Very High,Very High,Bullet rewrite / quantification,patient-volume-as-evidence,patient-volume-as-evidence.png,metrics-that-actually-land; duty-into-achievement
646,Continuing Education and Mandatory Training,ceu on resume,Informational,Industry & Role Guides,Healthcare professionals,All,Tier 2,Low,Medium,High,High,Bullet rewrite / quantification,continuing-education-placement,continuing-education-placement.png,metrics-that-actually-land; duty-into-achievement
647,Agency and Bank Shifts on a Clinical Resume,agency nursing resume,Informational,Industry & Role Guides,Healthcare professionals,Mid-career,Tier 2,Low,Medium,High,High,Bullet rewrite / quantification,agency-shifts-on-clinical-resume,agency-shifts-on-clinical-resume.png,metrics-that-actually-land; duty-into-achievement
648,Moving Between Specialties in Healthcare,change nursing specialty resume,Informational,Industry & Role Guides,Healthcare professionals,Mid-career,Tier 2,Low,Medium,High,High,Bullet rewrite / quantification,changing-clinical-specialty,changing-clinical-specialty.png,metrics-that-actually-land; duty-into-achievement
649,Campaign Results Without Access to the Analytics,marketing resume no data,Informational,Industry & Role Guides,Marketing professionals,All,Tier 1,Medium,High,Very High,Very High,Bullet rewrite / quantification,campaign-results-without-data,campaign-results-without-data.png,metrics-that-actually-land; duty-into-achievement
650,Attribution Honesty: Claiming Growth You Influenced,marketing attribution resume,Informational,Industry & Role Guides,Marketing professionals,Mid-career,Tier 2,Low,Medium,High,High,Bullet rewrite / quantification,attribution-honesty-marketing,attribution-honesty-marketing.png,metrics-that-actually-land; duty-into-achievement
651,Channel Specialisms vs Generalist Positioning,marketing generalist resume,Informational,Industry & Role Guides,Marketing professionals,Mid-career,Tier 2,Low,Medium,High,High,Bullet rewrite / quantification,channel-specialist-or-generalist,channel-specialist-or-generalist.png,metrics-that-actually-land; duty-into-achievement
652,A Content Portfolio With Bylines You Don't Own,ghostwriting portfolio,Informational,Industry & Role Guides,Creative professionals,All,Tier 2,Low,Medium,High,High,Bullet rewrite / quantification,bylines-you-dont-own,bylines-you-dont-own.png,metrics-that-actually-land; duty-into-achievement
653,Design Work Under NDA in a Portfolio,design nda portfolio,Informational,Industry & Role Guides,Design professionals,All,Tier 2,Low,Medium,High,High,Bullet rewrite / quantification,design-work-under-nda,design-work-under-nda.png,metrics-that-actually-land; duty-into-achievement
654,Before-and-After Redesigns as Case Studies,redesign case study,Informational,Industry & Role Guides,Design professionals,All,Tier 2,Low,Medium,High,High,Bullet rewrite / quantification,before-after-redesign-cases,before-after-redesign-cases.png,metrics-that-actually-land; duty-into-achievement
655,Quota Attainment: The Numbers a Sales Resume Needs,sales resume quota numbers,Informational,Industry & Role Guides,Sales professionals,All,Tier 1,Medium,High,Very High,Very High,Bullet rewrite / quantification,quota-attainment-numbers,quota-attainment-numbers.png,metrics-that-actually-land; duty-into-achievement
656,A Sales Resume When You Missed Quota,missed quota resume,Informational,Industry & Role Guides,Sales professionals,Mid-career,Tier 1,Medium,High,Very High,Very High,Bullet rewrite / quantification,sales-resume-missed-quota,sales-resume-missed-quota.png,metrics-that-actually-land; duty-into-achievement
657,"Territory, Segment and Deal Size as Context",sales territory resume,Informational,Industry & Role Guides,Sales professionals,Mid-career,Tier 2,Low,Medium,High,High,Bullet rewrite / quantification,territory-and-deal-size-context,territory-and-deal-size-context.png,metrics-that-actually-land; duty-into-achievement
658,Ramp Time and Tenure on a Sales Resume,sales ramp time resume,Informational,Industry & Role Guides,Sales professionals,Mid-career,Tier 2,Low,Medium,High,High,Bullet rewrite / quantification,ramp-time-on-sales-resume,ramp-time-on-sales-resume.png,metrics-that-actually-land; duty-into-achievement
659,Customer Success Metrics That Aren't Just NPS,customer success resume metrics,Informational,Industry & Role Guides,CS professionals,All,Tier 2,Low,Medium,High,High,Bullet rewrite / quantification,cs-metrics-beyond-nps,cs-metrics-beyond-nps.png,metrics-that-actually-land; duty-into-achievement
660,Cost Savings and Efficiency Claims That Hold Up,cost savings on resume,Informational,Industry & Role Guides,Ops professionals,Mid-career,Tier 1,Medium,High,Very High,Very High,Bullet rewrite / quantification,cost-savings-that-hold-up,cost-savings-that-hold-up.png,metrics-that-actually-land; duty-into-achievement
661,"Lean, Six Sigma and Belt Certifications",six sigma on resume,Informational,Industry & Role Guides,Ops professionals,All,Tier 2,Low,Medium,High,High,Bullet rewrite / quantification,lean-six-sigma-placement,lean-six-sigma-placement.png,metrics-that-actually-land; duty-into-achievement
662,Safety Records and Compliance as Achievements,safety record resume,Informational,Industry & Role Guides,Manufacturing,Mid-career,Tier 2,Low,Medium,High,High,Bullet rewrite / quantification,safety-and-compliance-wins,safety-and-compliance-wins.png,metrics-that-actually-land; duty-into-achievement
663,"Shift Work, Plants and Sites: Framing Operational Scope",plant operations resume,Informational,Industry & Role Guides,Manufacturing,Mid-career,Tier 2,Low,Medium,High,High,Bullet rewrite / quantification,operational-scope-framing,operational-scope-framing.png,metrics-that-actually-land; duty-into-achievement
664,Supply Chain Disruption Stories on a Resume,supply chain resume achievements,Informational,Industry & Role Guides,Ops professionals,Mid-career,Tier 2,Low,Medium,High,High,Bullet rewrite / quantification,disruption-stories-supply-chain,disruption-stories-supply-chain.png,metrics-that-actually-land; duty-into-achievement
665,Teaching Outcomes Without Standardised Test Data,teacher resume outcomes,Informational,Industry & Role Guides,Education professionals,All,Tier 1,Medium,High,Very High,Very High,Bullet rewrite / quantification,teaching-outcomes-without-scores,teaching-outcomes-without-scores.png,metrics-that-actually-land; duty-into-achievement
666,Classroom Management as a Professional Skill,classroom management resume,Informational,Industry & Role Guides,Education professionals,All,Tier 2,Low,Medium,High,High,Bullet rewrite / quantification,classroom-management-as-skill,classroom-management-as-skill.png,metrics-that-actually-land; duty-into-achievement
667,"Grants, Funding and Fundraising Totals",fundraising on resume,Informational,Industry & Role Guides,Nonprofit professionals,Mid-career,Tier 2,Low,Medium,High,High,Bullet rewrite / quantification,grants-and-funding-totals,grants-and-funding-totals.png,metrics-that-actually-land; duty-into-achievement
668,Programme Delivery and Beneficiary Numbers,nonprofit resume metrics,Informational,Industry & Role Guides,Nonprofit professionals,Mid-career,Tier 2,Low,Medium,High,High,Bullet rewrite / quantification,programme-delivery-numbers,programme-delivery-numbers.png,metrics-that-actually-land; duty-into-achievement
669,Public Sector Grading and Pay Bands on a Resume,civil service grade resume,Informational,Industry & Role Guides,Public sector,All,Tier 2,Low,Medium,High,High,Bullet rewrite / quantification,public-sector-grades-on-resume,public-sector-grades-on-resume.png,metrics-that-actually-land; duty-into-achievement
670,Security Clearance: Stating It Correctly,security clearance on resume,Informational,Industry & Role Guides,Public sector,Mid-career,Tier 1,Medium,High,Very High,Very High,Bullet rewrite / quantification,stating-security-clearance,stating-security-clearance.png,metrics-that-actually-land; duty-into-achievement
671,"Matters, Cases and Clients on a Legal Resume",legal resume matters,Informational,Industry & Role Guides,Legal professionals,Mid-career,Tier 1,Medium,High,Very High,Very High,Bullet rewrite / quantification,matters-and-cases-on-legal-resume,matters-and-cases-on-legal-resume.png,metrics-that-actually-land; duty-into-achievement
672,Bar Admission and Jurisdictions,bar admission resume,Informational,Industry & Role Guides,Legal professionals,All,Tier 2,Low,Medium,High,High,Bullet rewrite / quantification,bar-admission-and-jurisdictions,bar-admission-and-jurisdictions.png,metrics-that-actually-land; duty-into-achievement
673,In-House vs Private Practice Positioning,in house counsel resume,Informational,Industry & Role Guides,Legal professionals,Mid-career,Tier 2,Low,Medium,High,High,Bullet rewrite / quantification,inhouse-versus-private-practice,inhouse-versus-private-practice.png,metrics-that-actually-land; duty-into-achievement
674,"Covers, Revenue and Team Size in Hospitality",hospitality resume metrics,Informational,Industry & Role Guides,Hospitality professionals,All,Tier 2,Low,Medium,High,High,Bullet rewrite / quantification,covers-revenue-team-size,covers-revenue-team-size.png,metrics-that-actually-land; duty-into-achievement
675,Retail Targets and Shrinkage as Achievements,retail resume achievements,Informational,Industry & Role Guides,Retail professionals,All,Tier 2,Low,Medium,High,High,Bullet rewrite / quantification,retail-targets-and-shrinkage,retail-targets-and-shrinkage.png,metrics-that-actually-land; duty-into-achievement
676,"Tickets, Licences and Cards on a Trades Resume",trades resume certifications,Informational,Industry & Role Guides,Trades,All,Tier 2,Low,Medium,High,High,Bullet rewrite / quantification,trades-tickets-and-licences,trades-tickets-and-licences.png,metrics-that-actually-land; duty-into-achievement
677,Site Experience and Project Values in Construction,construction resume project value,Informational,Industry & Role Guides,Construction,Mid-career,Tier 2,Low,Medium,High,High,Bullet rewrite / quantification,site-experience-project-values,site-experience-project-values.png,metrics-that-actually-land; duty-into-achievement
678,Hiring Numbers and Time-to-Fill on an HR Resume,recruiter resume metrics,Informational,Industry & Role Guides,HR professionals,Mid-career,Tier 2,Low,Medium,High,High,Bullet rewrite / quantification,hiring-numbers-time-to-fill,hiring-numbers-time-to-fill.png,metrics-that-actually-land; duty-into-achievement
679,Employee Relations Cases Described Safely,employee relations resume,Informational,Industry & Role Guides,HR professionals,Mid-career,Tier 2,Low,Medium,High,High,Bullet rewrite / quantification,er-cases-described-safely,er-cases-described-safely.png,metrics-that-actually-land; duty-into-achievement
680,HR Systems and HRIS Experience That Matters,hris on resume,Informational,Industry & Role Guides,HR professionals,All,Tier 2,Low,Medium,High,High,Bullet rewrite / quantification,hris-experience-that-matters,hris-experience-that-matters.png,metrics-that-actually-land; duty-into-achievement
681,No Interviews After Fifty Applications: A Diagnostic Order,50 applications no interviews,Informational,ATS Optimization,Job seekers,All,Tier 1,Medium,High,Very High,Very High,ATS score + scan,fifty-applications-no-interviews,fifty-applications-no-interviews.png,diagnosing-a-resume-that-fails; resume-problem-or-targeting-problem
682,Interviews but No Offers: Where the Problem Isn't the Resume,interviews but no offers,Informational,ATS Optimization,Job seekers,All,Tier 1,Medium,High,Very High,Very High,ATS score + scan,interviews-but-no-offers,interviews-but-no-offers.png,diagnosing-a-resume-that-fails; resume-problem-or-targeting-problem
683,Recruiter Calls but No Hiring-Manager Rounds,recruiter screen then rejected,Informational,ATS Optimization,Job seekers,All,Tier 1,Medium,High,Very High,Very High,ATS score + scan,screened-then-rejected,screened-then-rejected.png,diagnosing-a-resume-that-fails; resume-problem-or-targeting-problem
684,Your Resume Works for One Role Type and Nothing Else,resume only works for one role,Informational,ATS Optimization,Job seekers,All,Tier 2,Medium,High,Very High,Very High,ATS score + scan,resume-works-for-one-role-only,resume-works-for-one-role-only.png,diagnosing-a-resume-that-fails; resume-problem-or-targeting-problem
685,"Strong Resume, Wrong Jobs: Fixing the Targeting",applying to wrong jobs,Informational,ATS Optimization,Job seekers,All,Tier 1,Medium,High,Very High,Very High,ATS score + scan,strong-resume-wrong-jobs,strong-resume-wrong-jobs.png,diagnosing-a-resume-that-fails; resume-problem-or-targeting-problem
686,When Referrals Don't Convert Either,referral did not work,Informational,ATS Optimization,Job seekers,All,Tier 2,Medium,High,Very High,Very High,ATS score + scan,referrals-not-converting,referrals-not-converting.png,diagnosing-a-resume-that-fails; resume-problem-or-targeting-problem
687,Your Resume Was Fine Two Years Ago,resume outdated now,Informational,ATS Optimization,Job seekers,All,Tier 2,Medium,High,Very High,Very High,ATS score + scan,resume-was-fine-two-years-ago,resume-was-fine-two-years-ago.png,diagnosing-a-resume-that-fails; resume-problem-or-targeting-problem
688,Applying Internally and Getting Nowhere,internal applications rejected,Informational,ATS Optimization,Job seekers,All,Tier 2,Medium,High,Very High,Very High,ATS score + scan,internal-applications-going-nowhere,internal-applications-going-nowhere.png,diagnosing-a-resume-that-fails; resume-problem-or-targeting-problem
689,Senior Roles Ignoring You While Junior Ones Respond,only junior roles respond,Informational,ATS Optimization,Job seekers,All,Tier 2,Medium,High,Very High,Very High,ATS score + scan,only-junior-roles-respond,only-junior-roles-respond.png,diagnosing-a-resume-that-fails; resume-problem-or-targeting-problem
690,Every Rejection Says 'More Experienced Candidate',more experienced candidate rejection,Informational,ATS Optimization,Job seekers,All,Tier 2,Medium,High,Very High,Very High,ATS score + scan,more-experienced-candidate-line,more-experienced-candidate-line.png,diagnosing-a-resume-that-fails; resume-problem-or-targeting-problem
691,How Boolean Search Finds (and Misses) Your Resume,boolean search resume,Informational,ATS Optimization,Active applicants,All,Tier 2,Low,Medium,High,Very High,ATS score + scan,boolean-search-and-your-resume,boolean-search-and-your-resume.png,how-to-read-your-ats-report; tailoring-without-lying
692,Recruiter Search Strings You Should Write For,recruiter search string,Informational,ATS Optimization,Active applicants,All,Tier 2,Low,Medium,High,Very High,ATS score + scan,search-strings-to-write-for,search-strings-to-write-for.png,how-to-read-your-ats-report; tailoring-without-lying
693,Ranking vs Filtering: Two Different ATS Behaviours,ats ranking vs filtering,Informational,ATS Optimization,Active applicants,All,Tier 2,Low,Medium,High,Very High,ATS score + scan,ranking-versus-filtering,ranking-versus-filtering.png,how-to-read-your-ats-report; tailoring-without-lying
694,Why the Same Resume Scores Differently on Two Jobs,same resume different score,Informational,ATS Optimization,Active applicants,All,Tier 1,Medium,High,Very High,Very High,ATS score + scan,same-resume-two-different-scores,same-resume-two-different-scores.png,how-to-read-your-ats-report; tailoring-without-lying
695,Scoring Against a Long JD vs a Short One,long job description ats score,Informational,ATS Optimization,Active applicants,All,Tier 2,Low,Medium,High,Very High,ATS score + scan,long-jd-versus-short-jd,long-jd-versus-short-jd.png,how-to-read-your-ats-report; tailoring-without-lying
696,What Happens to Your Resume in a Recruiter's Shortlist View,recruiter shortlist view,Informational,ATS Optimization,Active applicants,All,Tier 2,Low,Medium,High,Very High,ATS score + scan,inside-the-shortlist-view,inside-the-shortlist-view.png,how-to-read-your-ats-report; tailoring-without-lying
697,Duplicate Profiles in One ATS,duplicate ats profile,Informational,ATS Optimization,Active applicants,All,Tier 3,Low,Medium,High,Very High,ATS score + scan,duplicate-profiles-in-ats,duplicate-profiles-in-ats.png,how-to-read-your-ats-report; tailoring-without-lying
698,Updating a Resume After You've Already Applied,update resume after applying,Informational,ATS Optimization,Active applicants,All,Tier 2,Low,Medium,High,Very High,ATS score + scan,updating-after-you-applied,updating-after-you-applied.png,how-to-read-your-ats-report; tailoring-without-lying
699,Withdrawing and Reapplying With a Better Resume,withdraw application reapply,Informational,ATS Optimization,Active applicants,All,Tier 3,Low,Medium,High,Very High,ATS score + scan,withdraw-and-reapply,withdraw-and-reapply.png,how-to-read-your-ats-report; tailoring-without-lying
700,Resume Versions That Contradict Each Other,conflicting resume versions,Informational,ATS Optimization,Active applicants,All,Tier 2,Low,Medium,High,Very High,ATS score + scan,contradicting-resume-versions,contradicting-resume-versions.png,how-to-read-your-ats-report; tailoring-without-lying
701,Your LinkedIn and Resume Disagree — Which Wins,linkedin resume mismatch,Informational,ATS Optimization,Active applicants,All,Tier 1,Medium,High,Very High,Very High,ATS score + scan,when-linkedin-and-resume-disagree,when-linkedin-and-resume-disagree.png,how-to-read-your-ats-report; tailoring-without-lying
702,Background Checks and What Your Resume Claimed,background check resume discrepancy,Informational,ATS Optimization,Active applicants,All,Tier 2,Low,Medium,High,Very High,ATS score + scan,background-check-versus-resume,background-check-versus-resume.png,how-to-read-your-ats-report; tailoring-without-lying
703,Embellishment That Becomes a Problem Later,resume exaggeration consequences,Informational,ATS Optimization,Active applicants,All,Tier 1,Medium,High,Very High,Very High,ATS score + scan,embellishment-that-backfires,embellishment-that-backfires.png,how-to-read-your-ats-report; tailoring-without-lying
704,Dates You Rounded and Why It Matters,rounded employment dates,Informational,ATS Optimization,Active applicants,All,Tier 2,Low,Medium,High,Very High,ATS score + scan,rounding-employment-dates,rounding-employment-dates.png,how-to-read-your-ats-report; tailoring-without-lying
705,Job Titles You Changed and Whether That's Lying,changing job title on resume,Informational,ATS Optimization,Active applicants,All,Tier 1,Medium,High,Very High,Very High,ATS score + scan,changing-a-title-on-paper,changing-a-title-on-paper.png,how-to-read-your-ats-report; tailoring-without-lying
706,Tailoring When the JD Is Three Bullet Points Long,very short job description,Informational,Resume Tailoring,Active applicants,All,Tier 2,Low,Medium,High,Very High,Resume tailoring (JD match),tailoring-to-a-three-line-jd,tailoring-to-a-three-line-jd.png,what-to-change-when-tailoring; find-the-real-requirements
707,Tailoring to a JD That Lists Thirty Requirements,job description too many requirements,Informational,Resume Tailoring,Active applicants,All,Tier 2,Low,Medium,High,Very High,Resume tailoring (JD match),tailoring-to-thirty-requirements,tailoring-to-thirty-requirements.png,what-to-change-when-tailoring; find-the-real-requirements
708,A JD Written for the Person Already Doing the Job,job description written for internal,Informational,Resume Tailoring,Active applicants,All,Tier 2,Low,Medium,High,Very High,Resume tailoring (JD match),jd-written-for-an-insider,jd-written-for-an-insider.png,what-to-change-when-tailoring; find-the-real-requirements
709,Tailoring When the Company Is in Another Industry,different industry same role,Informational,Resume Tailoring,Active applicants,All,Tier 1,Medium,High,Very High,Very High,Resume tailoring (JD match),tailoring-across-industries,tailoring-across-industries.png,what-to-change-when-tailoring; find-the-real-requirements
710,Tailoring for a Role With No Clear Career Path,unusual role resume,Informational,Resume Tailoring,Active applicants,All,Tier 3,Low,Medium,High,Very High,Resume tailoring (JD match),tailoring-for-an-unusual-role,tailoring-for-an-unusual-role.png,what-to-change-when-tailoring; find-the-real-requirements
711,When Two Jobs at the Same Company Overlap,two roles same company apply,Informational,Resume Tailoring,Active applicants,All,Tier 2,Low,Medium,High,Very High,Resume tailoring (JD match),two-roles-one-company,two-roles-one-company.png,what-to-change-when-tailoring; find-the-real-requirements
712,Tailoring for a Job You're Not Sure You Want,unsure about the role,Informational,Resume Tailoring,Active applicants,All,Tier 3,Low,Medium,High,Very High,Resume tailoring (JD match),tailoring-when-unsure,tailoring-when-unsure.png,what-to-change-when-tailoring; find-the-real-requirements
713,"Tailoring a Resume for a Recruiter's Database, Not a Job",general application resume,Informational,Resume Tailoring,Active applicants,All,Tier 2,Low,Medium,High,Very High,Resume tailoring (JD match),resume-for-a-talent-pool,resume-for-a-talent-pool.png,what-to-change-when-tailoring; find-the-real-requirements
714,Tailoring When You're Being Poached,approached by recruiter resume,Informational,Resume Tailoring,Active applicants,All,Tier 2,Low,Medium,High,Very High,Resume tailoring (JD match),tailoring-when-approached,tailoring-when-approached.png,what-to-change-when-tailoring; find-the-real-requirements
715,Tailoring After the Hiring Manager Gave Feedback,resume feedback from hiring manager,Informational,Resume Tailoring,Active applicants,All,Tier 2,Low,Medium,High,Very High,Resume tailoring (JD match),tailoring-after-feedback,tailoring-after-feedback.png,what-to-change-when-tailoring; find-the-real-requirements
716,How Often to Re-Tailor for the Same Company,retailor for same company,Informational,Resume Tailoring,Active applicants,All,Tier 3,Low,Medium,High,Very High,Resume tailoring (JD match),retailoring-for-same-company,retailoring-for-same-company.png,what-to-change-when-tailoring; find-the-real-requirements
717,Tailoring Under a Deadline: The Twenty-Minute Version,tailor resume fast deadline,Informational,Resume Tailoring,Active applicants,All,Tier 1,Medium,High,Very High,Very High,Resume tailoring (JD match),twenty-minute-tailoring,twenty-minute-tailoring.png,what-to-change-when-tailoring; find-the-real-requirements
718,What to Tailor When Everything Is Already Relevant,already relevant resume tailoring,Informational,Resume Tailoring,Active applicants,All,Tier 2,Low,Medium,High,Very High,Resume tailoring (JD match),when-everything-is-relevant,when-everything-is-relevant.png,what-to-change-when-tailoring; find-the-real-requirements
719,Tailoring a Resume You Didn't Write,inherited resume rewrite,Informational,Resume Tailoring,Active applicants,All,Tier 3,Low,Medium,High,Very High,Resume tailoring (JD match),tailoring-a-resume-you-didnt-write,tailoring-a-resume-you-didnt-write.png,what-to-change-when-tailoring; find-the-real-requirements
720,Rewriting a Bullet Five Ways for Five Jobs,rewrite bullet for different jobs,Informational,Resume Bullets & Achievements,Active applicants,All,Tier 1,Medium,High,Very High,Very High,Bullet rewrite / quantification,one-bullet-five-ways,one-bullet-five-ways.png,verb-metric-outcome-formula; metrics-that-actually-land
721,The Difference Between Scope and Impact,scope vs impact resume,Informational,Resume Bullets & Achievements,Active applicants,All,Tier 1,Medium,High,Very High,Very High,Bullet rewrite / quantification,scope-versus-impact,scope-versus-impact.png,verb-metric-outcome-formula; metrics-that-actually-land
722,Leading With the Result Instead of the Task,result first bullet,Informational,Resume Bullets & Achievements,Active applicants,All,Tier 1,Medium,High,Very High,Very High,Bullet rewrite / quantification,leading-with-the-result,leading-with-the-result.png,verb-metric-outcome-formula; metrics-that-actually-land
723,Cutting a Bullet From Three Lines to One,shorten resume bullet,Informational,Resume Bullets & Achievements,Active applicants,All,Tier 1,Medium,High,Very High,Very High,Bullet rewrite / quantification,three-lines-to-one,three-lines-to-one.png,verb-metric-outcome-formula; metrics-that-actually-land
724,Bullets for Work That Failed,failed project on resume,Informational,Resume Bullets & Achievements,Active applicants,All,Tier 2,Low,Medium,High,Very High,Bullet rewrite / quantification,bullets-for-work-that-failed,bullets-for-work-that-failed.png,verb-metric-outcome-formula; metrics-that-actually-land
725,Bullets for a Project That Was Cancelled,cancelled project resume,Informational,Resume Bullets & Achievements,Active applicants,All,Tier 3,Low,Medium,High,Very High,Bullet rewrite / quantification,cancelled-project-bullets,cancelled-project-bullets.png,verb-metric-outcome-formula; metrics-that-actually-land
726,Describing Process Improvement Without Jargon,process improvement resume,Informational,Resume Bullets & Achievements,Active applicants,All,Tier 2,Low,Medium,High,Very High,Bullet rewrite / quantification,process-improvement-plainly,process-improvement-plainly.png,verb-metric-outcome-formula; metrics-that-actually-land
727,Describing Stakeholder Work Concretely,stakeholder management resume,Informational,Resume Bullets & Achievements,Active applicants,All,Tier 2,Low,Medium,High,Very High,Bullet rewrite / quantification,stakeholder-work-concretely,stakeholder-work-concretely.png,verb-metric-outcome-formula; metrics-that-actually-land
728,Describing Mentoring and Training Others,mentoring on resume,Informational,Resume Bullets & Achievements,Active applicants,All,Tier 2,Low,Medium,High,Very High,Bullet rewrite / quantification,mentoring-and-training-bullets,mentoring-and-training-bullets.png,verb-metric-outcome-formula; metrics-that-actually-land
729,"Describing Cost, Time and Quality Together",cost time quality resume,Informational,Resume Bullets & Achievements,Active applicants,All,Tier 2,Low,Medium,High,Very High,Bullet rewrite / quantification,cost-time-quality-together,cost-time-quality-together.png,verb-metric-outcome-formula; metrics-that-actually-land
730,When a Bullet Needs a Number and When It Doesn't,every bullet needs a number,Informational,Resume Bullets & Achievements,Active applicants,All,Tier 1,Medium,High,Very High,Very High,Bullet rewrite / quantification,when-a-bullet-needs-a-number,when-a-bullet-needs-a-number.png,verb-metric-outcome-formula; metrics-that-actually-land
731,Using Ranges and Approximations Credibly,approximate numbers resume,Informational,Resume Bullets & Achievements,Active applicants,All,Tier 2,Low,Medium,High,Very High,Bullet rewrite / quantification,ranges-and-approximations,ranges-and-approximations.png,verb-metric-outcome-formula; metrics-that-actually-land
732,Comparing Yourself to a Baseline,baseline comparison resume,Informational,Resume Bullets & Achievements,Active applicants,All,Tier 2,Low,Medium,High,Very High,Bullet rewrite / quantification,comparing-to-a-baseline,comparing-to-a-baseline.png,verb-metric-outcome-formula; metrics-that-actually-land
733,Achievements That Happened Because of Your Team,shared achievement resume,Informational,Resume Bullets & Achievements,Active applicants,All,Tier 2,Low,Medium,High,Very High,Bullet rewrite / quantification,achievements-because-of-team,achievements-because-of-team.png,verb-metric-outcome-formula; metrics-that-actually-land
734,The Bullet Order Within a Single Job,order bullets within job,Informational,Resume Bullets & Achievements,Active applicants,All,Tier 2,Low,Medium,High,Very High,Bullet rewrite / quantification,bullet-order-within-a-job,bullet-order-within-a-job.png,verb-metric-outcome-formula; metrics-that-actually-land
735,Free ATS Checkers: What the Free Tier Actually Tells You,free ats checker limits,Commercial,Job Search Strategy,Job seekers,All,Tier 1,Medium,High,Very High,Very High,ATS score + scan,free-ats-checker-limits,free-ats-checker-limits.png,free-ats-checker-limits; how-auto-tailoring-works
736,Resume Builder or Word Document: Which to Start From,resume builder vs word,Commercial,Job Search Strategy,Job seekers,All,Tier 1,Medium,High,Very High,Very High,Resume tailoring (JD match),builder-or-word-document,builder-or-word-document.png,free-ats-checker-limits; how-auto-tailoring-works
737,Paying for a Resume Writer vs Doing It Yourself,resume writer worth it,Commercial,Job Search Strategy,Job seekers,All,Tier 1,Medium,High,Very High,Very High,Resume tailoring (JD match),resume-writer-versus-diy,resume-writer-versus-diy.png,free-ats-checker-limits; how-auto-tailoring-works
738,What a Resume Review Service Can and Can't Fix,resume review service worth it,Commercial,Job Search Strategy,Job seekers,All,Tier 2,Medium,High,Very High,Very High,Resume tailoring (JD match),what-a-review-service-fixes,what-a-review-service-fixes.png,free-ats-checker-limits; how-auto-tailoring-works
739,Templates You Pay For vs Templates That Parse,paid resume template worth it,Commercial,Job Search Strategy,Job seekers,All,Tier 2,Medium,High,Very High,Very High,Resume tailoring (JD match),paid-templates-versus-parsing,paid-templates-versus-parsing.png,free-ats-checker-limits; how-auto-tailoring-works
740,Tools That Auto-Tailor Resumes: How They Actually Work,auto tailor resume tool,Commercial,Job Search Strategy,Job seekers,All,Tier 1,Medium,High,Very High,Very High,Resume tailoring (JD match),how-auto-tailoring-works,how-auto-tailoring-works.png,free-ats-checker-limits; how-auto-tailoring-works
741,Chrome Extensions for Job Applications: What They Do,job application chrome extension,Commercial,Job Search Strategy,Job seekers,All,Tier 1,Medium,High,Very High,Very High,Resume tailoring (JD match),what-application-extensions-do,what-application-extensions-do.png,free-ats-checker-limits; how-auto-tailoring-works
742,Choosing Between Resume Tools Without a Trial,compare resume tools,Commercial,Job Search Strategy,Job seekers,All,Tier 2,Medium,High,Very High,Very High,Resume tailoring (JD match),choosing-a-resume-tool,choosing-a-resume-tool.png,free-ats-checker-limits; how-auto-tailoring-works
743,What to Look For in an ATS Score Tool,best ats score tool,Commercial,Job Search Strategy,Job seekers,All,Tier 1,Medium,High,Very High,Very High,ATS score + scan,what-to-look-for-in-ats-tool,what-to-look-for-in-ats-tool.png,free-ats-checker-limits; how-auto-tailoring-works
744,When a Free Tool Is Genuinely Enough,free resume tools enough,Commercial,Job Search Strategy,Job seekers,All,Tier 2,Medium,High,Very High,Very High,Resume tailoring (JD match),when-free-is-enough,when-free-is-enough.png,free-ats-checker-limits; how-auto-tailoring-works
745,Data Analyst Resume Keywords: Pulling Them From the Job Description,data analyst resume keywords,Informational,ATS Optimization,Active applicants,All,Tier 1,Medium,High,High,Very High,JD keyword extraction,data-analyst-keyword-list,data-analyst-keyword-list.png,where-to-place-keywords-resume; how-many-keywords-on-resume
746,Software Engineer Resume Keywords: Pulling Them From the Job Description,software engineer resume keywords,Informational,ATS Optimization,Active applicants,All,Tier 1,Medium,High,High,Very High,JD keyword extraction,software-engineer-keyword-list,software-engineer-keyword-list.png,where-to-place-keywords-resume; how-many-keywords-on-resume
747,Product Manager Resume Keywords: Pulling Them From the Job Description,product manager resume keywords,Informational,ATS Optimization,Active applicants,All,Tier 1,Medium,High,High,Very High,JD keyword extraction,product-manager-keyword-list,product-manager-keyword-list.png,where-to-place-keywords-resume; how-many-keywords-on-resume
748,Project Manager Resume Keywords: Pulling Them From the Job Description,project manager resume keywords,Informational,ATS Optimization,Active applicants,All,Tier 1,Medium,High,High,Very High,JD keyword extraction,project-manager-keyword-list,project-manager-keyword-list.png,where-to-place-keywords-resume; how-many-keywords-on-resume
749,Business Analyst Resume Keywords: Pulling Them From the Job Description,business analyst resume keywords,Informational,ATS Optimization,Active applicants,All,Tier 1,Medium,High,High,Very High,JD keyword extraction,business-analyst-keyword-list,business-analyst-keyword-list.png,where-to-place-keywords-resume; how-many-keywords-on-resume
750,Marketing Manager Resume Keywords: Pulling Them From the Job Description,marketing manager resume keywords,Informational,ATS Optimization,Active applicants,All,Tier 1,Medium,High,High,Very High,JD keyword extraction,marketing-manager-keyword-list,marketing-manager-keyword-list.png,where-to-place-keywords-resume; how-many-keywords-on-resume
751,Accountant Resume Keywords: Pulling Them From the Job Description,accountant resume keywords,Informational,ATS Optimization,Active applicants,All,Tier 1,Medium,High,High,Very High,JD keyword extraction,accountant-keyword-list,accountant-keyword-list.png,where-to-place-keywords-resume; how-many-keywords-on-resume
752,Nurse Resume Keywords: Pulling Them From the Job Description,nursing resume keywords,Informational,ATS Optimization,Active applicants,All,Tier 1,Medium,High,High,Very High,JD keyword extraction,nursing-keyword-list,nursing-keyword-list.png,where-to-place-keywords-resume; how-many-keywords-on-resume
753,Teacher Resume Keywords: Pulling Them From the Job Description,teacher resume keywords,Informational,ATS Optimization,Active applicants,All,Tier 1,Medium,High,High,Very High,JD keyword extraction,teacher-keyword-list,teacher-keyword-list.png,where-to-place-keywords-resume; how-many-keywords-on-resume
754,Mechanical Engineer Resume Keywords: Pulling Them From the Job Description,mechanical engineer resume keywords,Informational,ATS Optimization,Active applicants,All,Tier 1,Medium,High,High,Very High,JD keyword extraction,mechanical-engineer-keyword-list,mechanical-engineer-keyword-list.png,where-to-place-keywords-resume; how-many-keywords-on-resume
755,Civil Engineer Resume Keywords: Pulling Them From the Job Description,civil engineer resume keywords,Informational,ATS Optimization,Active applicants,All,Tier 1,Medium,High,High,Very High,JD keyword extraction,civil-engineer-keyword-list,civil-engineer-keyword-list.png,where-to-place-keywords-resume; how-many-keywords-on-resume
756,DevOps Engineer Resume Keywords: Pulling Them From the Job Description,devops resume keywords,Informational,ATS Optimization,Active applicants,All,Tier 1,Medium,High,High,Very High,JD keyword extraction,devops-keyword-list,devops-keyword-list.png,where-to-place-keywords-resume; how-many-keywords-on-resume
757,Cybersecurity Analyst Resume Keywords: Pulling Them From the Job Description,cybersecurity resume keywords,Informational,ATS Optimization,Active applicants,All,Tier 1,Medium,High,High,Very High,JD keyword extraction,cybersecurity-keyword-list,cybersecurity-keyword-list.png,where-to-place-keywords-resume; how-many-keywords-on-resume
758,UX Designer Resume Keywords: Pulling Them From the Job Description,ux designer resume keywords,Informational,ATS Optimization,Active applicants,All,Tier 1,Medium,High,High,Very High,JD keyword extraction,ux-designer-keyword-list,ux-designer-keyword-list.png,where-to-place-keywords-resume; how-many-keywords-on-resume
759,Sales Executive Resume Keywords: Pulling Them From the Job Description,sales resume keywords,Informational,ATS Optimization,Active applicants,All,Tier 1,Medium,High,High,Very High,JD keyword extraction,sales-executive-keyword-list,sales-executive-keyword-list.png,where-to-place-keywords-resume; how-many-keywords-on-resume
760,HR Manager Resume Keywords: Pulling Them From the Job Description,hr resume keywords,Informational,ATS Optimization,Active applicants,All,Tier 1,Medium,High,High,Very High,JD keyword extraction,hr-manager-keyword-list,hr-manager-keyword-list.png,where-to-place-keywords-resume; how-many-keywords-on-resume
761,Supply Chain Manager Resume Keywords: Pulling Them From the Job Description,supply chain resume keywords,Informational,ATS Optimization,Active applicants,All,Tier 1,Medium,High,High,Very High,JD keyword extraction,supply-chain-keyword-list,supply-chain-keyword-list.png,where-to-place-keywords-resume; how-many-keywords-on-resume
762,Financial Analyst Resume Keywords: Pulling Them From the Job Description,financial analyst resume keywords,Informational,ATS Optimization,Active applicants,All,Tier 1,Medium,High,High,Very High,JD keyword extraction,financial-analyst-keyword-list,financial-analyst-keyword-list.png,where-to-place-keywords-resume; how-many-keywords-on-resume
763,Data Scientist Resume Keywords: Pulling Them From the Job Description,data scientist resume keywords,Informational,ATS Optimization,Active applicants,All,Tier 1,Medium,High,High,Very High,JD keyword extraction,data-scientist-keyword-list,data-scientist-keyword-list.png,where-to-place-keywords-resume; how-many-keywords-on-resume
764,Customer Service Resume Keywords: Pulling Them From the Job Description,customer service resume keywords,Informational,ATS Optimization,Active applicants,All,Tier 1,Medium,High,High,Very High,JD keyword extraction,customer-service-keyword-list,customer-service-keyword-list.png,where-to-place-keywords-resume; how-many-keywords-on-resume
765,Operations Manager Resume Keywords: Pulling Them From the Job Description,operations manager resume keywords,Informational,ATS Optimization,Active applicants,All,Tier 1,Medium,High,High,Very High,JD keyword extraction,operations-manager-keyword-list,operations-manager-keyword-list.png,where-to-place-keywords-resume; how-many-keywords-on-resume
766,Graphic Designer Resume Keywords: Pulling Them From the Job Description,graphic designer resume keywords,Informational,ATS Optimization,Active applicants,All,Tier 1,Medium,High,High,Very High,JD keyword extraction,graphic-designer-keyword-list,graphic-designer-keyword-list.png,where-to-place-keywords-resume; how-many-keywords-on-resume
767,QA Engineer Resume Keywords: Pulling Them From the Job Description,qa engineer resume keywords,Informational,ATS Optimization,Active applicants,All,Tier 1,Medium,High,High,Very High,JD keyword extraction,qa-engineer-keyword-list,qa-engineer-keyword-list.png,where-to-place-keywords-resume; how-many-keywords-on-resume
768,Scrum Master Resume Keywords: Pulling Them From the Job Description,scrum master resume keywords,Informational,ATS Optimization,Active applicants,All,Tier 1,Medium,High,High,Very High,JD keyword extraction,scrum-master-keyword-list,scrum-master-keyword-list.png,where-to-place-keywords-resume; how-many-keywords-on-resume
769,Pharmacist Resume Keywords: Pulling Them From the Job Description,pharmacist resume keywords,Informational,ATS Optimization,Active applicants,All,Tier 1,Medium,High,High,Very High,JD keyword extraction,pharmacist-keyword-list,pharmacist-keyword-list.png,where-to-place-keywords-resume; how-many-keywords-on-resume
770,Software Engineer Resume Summary: Examples and What Makes Them Work,software engineer resume summary,Informational,Resume Examples,Active applicants,All,Tier 1,High,High,High,Very High,Resume summary generator,software-engineer-summary-examples,software-engineer-summary-examples.png,summary-in-three-sentences; empty-summary-phrases
771,Data Analyst Resume Summary: Examples and What Makes Them Work,data analyst resume summary,Informational,Resume Examples,Active applicants,All,Tier 1,High,High,High,Very High,Resume summary generator,data-analyst-summary-examples,data-analyst-summary-examples.png,summary-in-three-sentences; empty-summary-phrases
772,Product Manager Resume Summary: Examples and What Makes Them Work,product manager resume summary,Informational,Resume Examples,Active applicants,All,Tier 1,High,High,High,Very High,Resume summary generator,product-manager-summary-examples,product-manager-summary-examples.png,summary-in-three-sentences; empty-summary-phrases
773,Project Manager Resume Summary: Examples and What Makes Them Work,project manager resume summary,Informational,Resume Examples,Active applicants,All,Tier 1,High,High,High,Very High,Resume summary generator,project-manager-summary-examples,project-manager-summary-examples.png,summary-in-three-sentences; empty-summary-phrases
774,Marketing Manager Resume Summary: Examples and What Makes Them Work,marketing resume summary,Informational,Resume Examples,Active applicants,All,Tier 1,High,High,High,Very High,Resume summary generator,marketing-manager-summary-examples,marketing-manager-summary-examples.png,summary-in-three-sentences; empty-summary-phrases
775,Accountant Resume Summary: Examples and What Makes Them Work,accountant resume summary,Informational,Resume Examples,Active applicants,All,Tier 1,High,High,High,Very High,Resume summary generator,accountant-summary-examples,accountant-summary-examples.png,summary-in-three-sentences; empty-summary-phrases
776,Nurse Resume Summary: Examples and What Makes Them Work,nurse resume summary,Informational,Resume Examples,Active applicants,All,Tier 1,High,High,High,Very High,Resume summary generator,nurse-summary-examples,nurse-summary-examples.png,summary-in-three-sentences; empty-summary-phrases
777,Teacher Resume Summary: Examples and What Makes Them Work,teacher resume summary,Informational,Resume Examples,Active applicants,All,Tier 1,High,High,High,Very High,Resume summary generator,teacher-summary-examples,teacher-summary-examples.png,summary-in-three-sentences; empty-summary-phrases
778,Sales Representative Resume Summary: Examples and What Makes Them Work,sales resume summary,Informational,Resume Examples,Active applicants,All,Tier 1,High,High,High,Very High,Resume summary generator,sales-rep-summary-examples,sales-rep-summary-examples.png,summary-in-three-sentences; empty-summary-phrases
779,Customer Service Representative Resume Summary: Examples and What Makes Them Work,customer service resume summary,Informational,Resume Examples,Active applicants,All,Tier 1,High,High,High,Very High,Resume summary generator,customer-service-summary-examples,customer-service-summary-examples.png,summary-in-three-sentences; empty-summary-phrases
780,Business Analyst Resume Summary: Examples and What Makes Them Work,business analyst resume summary,Informational,Resume Examples,Active applicants,All,Tier 1,High,High,High,Very High,Resume summary generator,business-analyst-summary-examples,business-analyst-summary-examples.png,summary-in-three-sentences; empty-summary-phrases
781,HR Professional Resume Summary: Examples and What Makes Them Work,hr resume summary,Informational,Resume Examples,Active applicants,All,Tier 1,High,High,High,Very High,Resume summary generator,hr-summary-examples,hr-summary-examples.png,summary-in-three-sentences; empty-summary-phrases
782,Mechanical Engineer Resume Summary: Examples and What Makes Them Work,mechanical engineer resume summary,Informational,Resume Examples,Active applicants,All,Tier 1,High,High,High,Very High,Resume summary generator,mechanical-engineer-summary-examples,mechanical-engineer-summary-examples.png,summary-in-three-sentences; empty-summary-phrases
783,Recent Graduate Resume Summary: Examples and What Makes Them Work,graduate resume summary,Informational,Resume Examples,Active applicants,All,Tier 1,High,High,High,Very High,Resume summary generator,graduate-summary-examples,graduate-summary-examples.png,summary-in-three-sentences; empty-summary-phrases
784,Career Changer Resume Summary: Examples and What Makes Them Work,career changer resume summary,Informational,Resume Examples,Active applicants,All,Tier 1,High,High,High,Very High,Resume summary generator,career-changer-summary-examples,career-changer-summary-examples.png,summary-in-three-sentences; empty-summary-phrases
785,Software Engineer Resume Bullet Points: Twelve Rewritten Examples,software engineer resume bullet points,Informational,Resume Examples,Active applicants,All,Tier 1,Medium,High,High,Very High,Bullet rewrite / quantification,software-engineer-bullet-examples,software-engineer-bullet-examples.png,twenty-bullets-rewritten; verb-metric-outcome-formula
786,Data Analyst Resume Bullet Points: Twelve Rewritten Examples,data analyst bullet points,Informational,Resume Examples,Active applicants,All,Tier 1,Medium,High,High,Very High,Bullet rewrite / quantification,data-analyst-bullet-examples,data-analyst-bullet-examples.png,twenty-bullets-rewritten; verb-metric-outcome-formula
787,Product Manager Resume Bullet Points: Twelve Rewritten Examples,product manager bullet points,Informational,Resume Examples,Active applicants,All,Tier 1,Medium,High,High,Very High,Bullet rewrite / quantification,product-manager-bullet-examples,product-manager-bullet-examples.png,twenty-bullets-rewritten; verb-metric-outcome-formula
788,Marketing Resume Bullet Points: Twelve Rewritten Examples,marketing resume bullet points,Informational,Resume Examples,Active applicants,All,Tier 1,Medium,High,High,Very High,Bullet rewrite / quantification,marketing-bullet-examples,marketing-bullet-examples.png,twenty-bullets-rewritten; verb-metric-outcome-formula
789,Sales Resume Bullet Points: Twelve Rewritten Examples,sales resume bullet points,Informational,Resume Examples,Active applicants,All,Tier 1,Medium,High,High,Very High,Bullet rewrite / quantification,sales-bullet-examples,sales-bullet-examples.png,twenty-bullets-rewritten; verb-metric-outcome-formula
790,Customer Service Resume Bullet Points: Twelve Rewritten Examples,customer service bullet points,Informational,Resume Examples,Active applicants,All,Tier 1,Medium,High,High,Very High,Bullet rewrite / quantification,customer-service-bullet-examples,customer-service-bullet-examples.png,twenty-bullets-rewritten; verb-metric-outcome-formula
791,Project Manager Resume Bullet Points: Twelve Rewritten Examples,project manager bullet points,Informational,Resume Examples,Active applicants,All,Tier 1,Medium,High,High,Very High,Bullet rewrite / quantification,project-manager-bullet-examples,project-manager-bullet-examples.png,twenty-bullets-rewritten; verb-metric-outcome-formula
792,Accountant Resume Bullet Points: Twelve Rewritten Examples,accounting resume bullet points,Informational,Resume Examples,Active applicants,All,Tier 1,Medium,High,High,Very High,Bullet rewrite / quantification,accounting-bullet-examples,accounting-bullet-examples.png,twenty-bullets-rewritten; verb-metric-outcome-formula
793,Nurse Resume Bullet Points: Twelve Rewritten Examples,nursing resume bullet points,Informational,Resume Examples,Active applicants,All,Tier 1,Medium,High,High,Very High,Bullet rewrite / quantification,nursing-bullet-examples,nursing-bullet-examples.png,twenty-bullets-rewritten; verb-metric-outcome-formula
794,Teacher Resume Bullet Points: Twelve Rewritten Examples,teaching resume bullet points,Informational,Resume Examples,Active applicants,All,Tier 1,Medium,High,High,Very High,Bullet rewrite / quantification,teaching-bullet-examples,teaching-bullet-examples.png,twenty-bullets-rewritten; verb-metric-outcome-formula
795,Retail Resume Bullet Points: Twelve Rewritten Examples,retail resume bullet points,Informational,Resume Examples,Active applicants,All,Tier 1,Medium,High,High,Very High,Bullet rewrite / quantification,retail-bullet-examples,retail-bullet-examples.png,twenty-bullets-rewritten; verb-metric-outcome-formula
796,Operations Resume Bullet Points: Twelve Rewritten Examples,operations resume bullet points,Informational,Resume Examples,Active applicants,All,Tier 1,Medium,High,High,Very High,Bullet rewrite / quantification,operations-bullet-examples,operations-bullet-examples.png,twenty-bullets-rewritten; verb-metric-outcome-formula
797,Two Addresses: Applying While Between Cities,two addresses on resume,Informational,Resume Sections,Active applicants,All,Tier 3,Low,Low,Medium,High,Resume templates + PDF render,two-addresses-on-resume,two-addresses-on-resume.png,what-belongs-in-skills; what-to-delete-from-resume
798,Phone Numbers and International Formats,international phone number resume,Informational,Resume Sections,Active applicants,All,Tier 3,Low,Low,Medium,High,Resume templates + PDF render,international-phone-formats,international-phone-formats.png,what-belongs-in-skills; what-to-delete-from-resume
799,A Professional Email Address That Isn't Your Name,professional email resume,Informational,Resume Sections,Active applicants,All,Tier 3,Low,Low,Medium,High,Resume templates + PDF render,professional-email-address,professional-email-address.png,what-belongs-in-skills; what-to-delete-from-resume
800,Pronouns on a Resume,pronouns on resume,Informational,Resume Sections,Active applicants,All,Tier 3,Low,Low,Medium,High,Resume templates + PDF render,pronouns-on-a-resume,pronouns-on-a-resume.png,what-belongs-in-skills; what-to-delete-from-resume
801,Adding a Personal Website Next to LinkedIn,personal website on resume,Informational,Resume Sections,Active applicants,All,Tier 2,Medium,Medium,High,High,Resume templates + PDF render,personal-website-next-to-linkedin,personal-website-next-to-linkedin.png,what-belongs-in-skills; what-to-delete-from-resume
802,A QR Code on a Printed Resume,qr code resume,Informational,Resume Sections,Active applicants,All,Tier 3,Low,Low,Medium,High,Resume templates + PDF render,qr-code-on-printed-resume,qr-code-on-printed-resume.png,what-belongs-in-skills; what-to-delete-from-resume
803,Publications and Patents Outside Academia,patents on resume,Informational,Resume Sections,Active applicants,All,Tier 2,Medium,Medium,High,High,Resume templates + PDF render,publications-and-patents,publications-and-patents.png,what-belongs-in-skills; what-to-delete-from-resume
804,Speaking Engagements and Conference Talks,conference talks resume,Informational,Resume Sections,Active applicants,All,Tier 3,Low,Low,Medium,High,Resume templates + PDF render,speaking-engagements-on-resume,speaking-engagements-on-resume.png,what-belongs-in-skills; what-to-delete-from-resume
805,Awards That Are Worth the Line,awards on resume,Informational,Resume Sections,Active applicants,All,Tier 2,Medium,Medium,High,High,Resume templates + PDF render,awards-worth-the-line,awards-worth-the-line.png,what-belongs-in-skills; what-to-delete-from-resume
806,Professional Memberships and Associations,professional membership resume,Informational,Resume Sections,Active applicants,All,Tier 3,Low,Low,Medium,High,Resume templates + PDF render,memberships-and-associations,memberships-and-associations.png,what-belongs-in-skills; what-to-delete-from-resume
807,A Skills Summary at the Top vs a List at the Bottom,skills at top or bottom,Informational,Resume Sections,Active applicants,All,Tier 2,Medium,Medium,High,High,Resume templates + PDF render,skills-top-or-bottom,skills-top-or-bottom.png,what-belongs-in-skills; what-to-delete-from-resume
808,Core Competencies Blocks: Useful or Padding,core competencies resume,Informational,Resume Sections,Active applicants,All,Tier 2,Medium,Medium,High,High,Resume templates + PDF render,core-competencies-or-padding,core-competencies-or-padding.png,what-belongs-in-skills; what-to-delete-from-resume
809,Adding a 'Selected Achievements' Section,selected achievements section,Informational,Resume Sections,Active applicants,All,Tier 2,Medium,Medium,High,High,Resume templates + PDF render,selected-achievements-section,selected-achievements-section.png,what-belongs-in-skills; what-to-delete-from-resume
810,A Technical Skills Matrix for Engineers,technical skills matrix resume,Informational,Resume Sections,Active applicants,All,Tier 2,Medium,Medium,High,High,Resume templates + PDF render,technical-skills-matrix,technical-skills-matrix.png,what-belongs-in-skills; what-to-delete-from-resume
811,Tools vs Methodologies in a Skills List,tools vs methodologies resume,Informational,Resume Sections,Active applicants,All,Tier 3,Low,Low,Medium,High,Resume templates + PDF render,tools-versus-methodologies,tools-versus-methodologies.png,what-belongs-in-skills; what-to-delete-from-resume
812,"Sending a Resume by Email: Subject, Body and Attachment",email resume to recruiter,Informational,Resume Writing,Active applicants,All,Tier 1,Medium,Medium,High,High,Resume templates + PDF render,emailing-a-resume-properly,emailing-a-resume-properly.png,pdf-vs-docx-which-parses-better; naming-resume-versions-system
813,Printing a Resume for an In-Person Interview,print resume for interview,Informational,Resume Writing,Active applicants,All,Tier 3,Low,Low,Medium,High,Resume templates + PDF render,printing-for-an-interview,printing-for-an-interview.png,pdf-vs-docx-which-parses-better; naming-resume-versions-system
814,A Resume That Reads Well on a Phone Screen,resume on mobile,Informational,Resume Writing,Active applicants,All,Tier 2,Medium,Medium,High,High,Resume templates + PDF render,resume-on-a-phone-screen,resume-on-a-phone-screen.png,pdf-vs-docx-which-parses-better; naming-resume-versions-system
815,Password-Protected and Locked PDFs,locked pdf resume,Informational,Resume Writing,Active applicants,All,Tier 3,Low,Low,Medium,High,Resume templates + PDF render,locked-pdf-problems,locked-pdf-problems.png,pdf-vs-docx-which-parses-better; naming-resume-versions-system
816,"Google Docs, Pages and Export Problems",google docs resume export,Informational,Resume Writing,Active applicants,All,Tier 2,Medium,Medium,High,High,Resume templates + PDF render,export-problems-by-editor,export-problems-by-editor.png,pdf-vs-docx-which-parses-better; naming-resume-versions-system
817,Fonts That Don't Embed and What Breaks,font embedding pdf resume,Informational,Resume Writing,Active applicants,All,Tier 3,Low,Low,Medium,High,Resume templates + PDF render,fonts-that-dont-embed,fonts-that-dont-embed.png,pdf-vs-docx-which-parses-better; naming-resume-versions-system
818,File Size Limits on Application Portals,resume file size limit,Informational,Resume Writing,Active applicants,All,Tier 3,Low,Low,Medium,High,Resume templates + PDF render,file-size-limits-on-portals,file-size-limits-on-portals.png,pdf-vs-docx-which-parses-better; naming-resume-versions-system
819,Naming Files When You Apply to Twenty Companies,resume file naming system,Informational,Resume Writing,Active applicants,All,Tier 2,Medium,Medium,High,High,Resume templates + PDF render,file-naming-at-volume,file-naming-at-volume.png,pdf-vs-docx-which-parses-better; naming-resume-versions-system
820,Version Control Without a Folder Full of Drafts,resume version control,Informational,Resume Writing,Active applicants,All,Tier 2,Medium,Medium,High,High,Resume templates + PDF render,version-control-for-resumes,version-control-for-resumes.png,pdf-vs-docx-which-parses-better; naming-resume-versions-system
821,Keeping a Plain-Text Copy for Paste-In Forms,plain text resume,Informational,Resume Writing,Active applicants,All,Tier 2,Medium,Medium,High,High,Resume templates + PDF render,plain-text-copy-for-forms,plain-text-copy-for-forms.png,pdf-vs-docx-which-parses-better; naming-resume-versions-system
822,Applying in December: What Actually Happens to Your Resume,applying for jobs in december,Informational,Job Search Strategy,Job seekers,All,Tier 2,Medium,Medium,Medium,High,Multi-version resume management,applying-in-december,applying-in-december.png,staying-application-ready; keeping-a-running-brag-file
823,January Hiring Waves and Getting Ready in Advance,january job market,Informational,Job Search Strategy,Job seekers,All,Tier 2,Medium,Medium,Medium,High,Multi-version resume management,january-hiring-wave-prep,january-hiring-wave-prep.png,staying-application-ready; keeping-a-running-brag-file
824,Graduate Recruitment Timelines and When to Have a Resume Ready,graduate recruitment timeline,Informational,Job Search Strategy,Job seekers,All,Tier 2,Medium,Medium,Medium,High,Multi-version resume management,graduate-timeline-resume-ready,graduate-timeline-resume-ready.png,staying-application-ready; keeping-a-running-brag-file
825,Applying Around a Fiscal Year End,fiscal year end hiring,Informational,Job Search Strategy,Job seekers,All,Tier 3,Medium,Medium,Medium,High,Multi-version resume management,fiscal-year-end-applications,fiscal-year-end-applications.png,staying-application-ready; keeping-a-running-brag-file
826,Summer Hiring Slowdowns: Real or Myth,summer hiring slow,Informational,Job Search Strategy,Job seekers,All,Tier 3,Medium,Medium,Medium,High,Multi-version resume management,summer-hiring-slowdown,summer-hiring-slowdown.png,staying-application-ready; keeping-a-running-brag-file
827,Updating a Resume Before Performance Review Season,resume before performance review,Informational,Job Search Strategy,Job seekers,All,Tier 2,Medium,Medium,Medium,High,Multi-version resume management,resume-before-review-season,resume-before-review-season.png,staying-application-ready; keeping-a-running-brag-file
828,Preparing a Resume Before a Restructure Is Announced,resume before layoffs,Informational,Job Search Strategy,Job seekers,All,Tier 2,Medium,Medium,Medium,High,Multi-version resume management,resume-before-a-restructure,resume-before-a-restructure.png,staying-application-ready; keeping-a-running-brag-file
829,Resumes for AI-Native Roles That Didn't Exist in 2024,ai native role resume,Informational,AI & Careers,Forward-looking job seekers,All,Tier 4,Low,Medium,Medium,Medium,Resume tailoring (JD match),ai-native-role-resumes,ai-native-role-resumes.png,ai-screeners-vs-keyword-ats; ai-skills-worth-adding
830,Showing AI Fluency Without Claiming to Be an Engineer,ai fluency on resume,Informational,AI & Careers,Forward-looking job seekers,All,Tier 4,Low,Medium,Medium,Medium,Resume tailoring (JD match),ai-fluency-without-engineering,ai-fluency-without-engineering.png,ai-screeners-vs-keyword-ats; ai-skills-worth-adding
831,When the Interviewer Is an AI Agent,ai agent interviewer,Informational,AI & Careers,Forward-looking job seekers,All,Tier 4,Low,Medium,Medium,Medium,Resume tailoring (JD match),when-the-interviewer-is-ai,when-the-interviewer-is-ai.png,ai-screeners-vs-keyword-ats; ai-skills-worth-adding
832,Skills-Based Hiring: What Changes on the Resume,skills based hiring resume,Informational,AI & Careers,Forward-looking job seekers,All,Tier 4,Low,Medium,Medium,Medium,Resume tailoring (JD match),skills-based-hiring-changes,skills-based-hiring-changes.png,ai-screeners-vs-keyword-ats; ai-skills-worth-adding
833,Degree-Optional Postings and How They're Screened,degree optional job screening,Informational,AI & Careers,Forward-looking job seekers,All,Tier 4,Low,Medium,Medium,Medium,Resume tailoring (JD match),degree-optional-screening,degree-optional-screening.png,ai-screeners-vs-keyword-ats; ai-skills-worth-adding
834,Work Samples Replacing Resumes in Some Sectors,work sample instead of resume,Informational,AI & Careers,Forward-looking job seekers,All,Tier 4,Low,Medium,Medium,Medium,Resume tailoring (JD match),work-samples-replacing-resumes,work-samples-replacing-resumes.png,ai-screeners-vs-keyword-ats; ai-skills-worth-adding
835,Verified Credentials and Digital Badges,digital badges resume,Informational,AI & Careers,Forward-looking job seekers,All,Tier 4,Low,Medium,Medium,Medium,Resume tailoring (JD match),verified-credentials-and-badges,verified-credentials-and-badges.png,ai-screeners-vs-keyword-ats; ai-skills-worth-adding
836,Portfolio-First Applications Without a Resume,apply with portfolio only,Informational,AI & Careers,Forward-looking job seekers,All,Tier 4,Low,Medium,Medium,Medium,Resume tailoring (JD match),portfolio-first-applications,portfolio-first-applications.png,ai-screeners-vs-keyword-ats; ai-skills-worth-adding
837,Async-First Companies and Written Application Tests,async hiring written test,Informational,AI & Careers,Forward-looking job seekers,All,Tier 4,Low,Medium,Medium,Medium,Resume tailoring (JD match),async-first-written-tests,async-first-written-tests.png,ai-screeners-vs-keyword-ats; ai-skills-worth-adding
838,Four-Day-Week Employers and What They Screen For,four day week hiring,Informational,AI & Careers,Forward-looking job seekers,All,Tier 4,Low,Medium,Medium,Medium,Resume tailoring (JD match),four-day-week-screening,four-day-week-screening.png,ai-screeners-vs-keyword-ats; ai-skills-worth-adding
839,Returnships Becoming Standard Practice,returnship programmes,Informational,AI & Careers,Forward-looking job seekers,All,Tier 4,Low,Medium,Medium,Medium,Resume tailoring (JD match),returnships-becoming-standard,returnships-becoming-standard.png,ai-screeners-vs-keyword-ats; ai-skills-worth-adding
840,Internal Talent Marketplaces and Your Internal Profile,internal talent marketplace,Informational,AI & Careers,Forward-looking job seekers,All,Tier 4,Low,Medium,Medium,Medium,Resume tailoring (JD match),internal-talent-marketplaces,internal-talent-marketplaces.png,ai-screeners-vs-keyword-ats; ai-skills-worth-adding
841,Contract-to-Hire on the Rise: Resume Implications,contract to hire resume,Informational,AI & Careers,Forward-looking job seekers,All,Tier 4,Low,Medium,Medium,Medium,Resume tailoring (JD match),contract-to-hire-implications,contract-to-hire-implications.png,ai-screeners-vs-keyword-ats; ai-skills-worth-adding
842,Micro-Credentials That Employers Actually Check,micro credentials employers,Informational,AI & Careers,Forward-looking job seekers,All,Tier 4,Low,Medium,Medium,Medium,Resume tailoring (JD match),micro-credentials-checked,micro-credentials-checked.png,ai-screeners-vs-keyword-ats; ai-skills-worth-adding
843,Anonymous and Blind Applications,blind recruitment resume,Informational,AI & Careers,Forward-looking job seekers,All,Tier 4,Low,Medium,Medium,Medium,Resume tailoring (JD match),blind-application-formats,blind-application-formats.png,ai-screeners-vs-keyword-ats; ai-skills-worth-adding
844,Video Introductions Attached to Applications,video intro application,Informational,AI & Careers,Forward-looking job seekers,All,Tier 4,Low,Medium,Medium,Medium,Resume tailoring (JD match),video-introductions-attached,video-introductions-attached.png,ai-screeners-vs-keyword-ats; ai-skills-worth-adding
845,Scanning Your Resume Against a Job Description in Under a Minute,scan resume against job description,Transactional,Resume Tailoring,Active applicants,All,Tier 1,Medium,High,Very High,Very High,ATS score + scan,scan-resume-against-jd,scan-resume-against-jd.png,tailoring-checklist-per-application; how-to-read-your-ats-report
846,Reading Your Match Score and Knowing What to Fix First,resume match score meaning,Transactional,Resume Tailoring,Active applicants,All,Tier 1,Medium,High,Very High,Very High,ATS score + scan,reading-your-match-score,reading-your-match-score.png,tailoring-checklist-per-application; how-to-read-your-ats-report
847,Turning a Scan Result Into Three Concrete Edits,fix resume from ats report,Transactional,Resume Tailoring,Active applicants,All,Tier 1,Medium,High,Very High,Very High,ATS score + scan,scan-result-into-three-edits,scan-result-into-three-edits.png,tailoring-checklist-per-application; how-to-read-your-ats-report
848,Tailoring Directly on a Job Posting Page,tailor resume on job page,Transactional,Resume Tailoring,Active applicants,All,Tier 1,Medium,High,Very High,Very High,Resume tailoring (JD match),tailoring-on-the-posting-page,tailoring-on-the-posting-page.png,tailoring-checklist-per-application; how-to-read-your-ats-report
849,Building a Portfolio Page in One Sitting,build portfolio quickly,Transactional,Resume Tailoring,Active applicants,All,Tier 1,Medium,High,Very High,Very High,Resume tailoring (JD match),portfolio-in-one-sitting,portfolio-in-one-sitting.png,tailoring-checklist-per-application; how-to-read-your-ats-report
850,Exporting a Clean PDF That Survives Every Portal,export clean resume pdf,Transactional,Resume Tailoring,Active applicants,All,Tier 1,Medium,High,Very High,Very High,Resume tailoring (JD match),exporting-a-clean-pdf,exporting-a-clean-pdf.png,tailoring-checklist-per-application; how-to-read-your-ats-report
851,Keeping Five Tailored Versions Without Losing Track,manage multiple resume versions,Transactional,Resume Tailoring,Active applicants,All,Tier 1,Medium,High,Very High,Very High,Resume tailoring (JD match),five-versions-without-chaos,five-versions-without-chaos.png,tailoring-checklist-per-application; how-to-read-your-ats-report
852,Checking a Resume Before You Hit Submit,check resume before submitting,Transactional,Resume Tailoring,Active applicants,All,Tier 1,Medium,High,Very High,Very High,Resume tailoring (JD match),final-check-before-submit,final-check-before-submit.png,tailoring-checklist-per-application; how-to-read-your-ats-report
853,Practising Interview Answers From Your Own Resume,practice interview from resume,Transactional,Resume Tailoring,Active applicants,All,Tier 1,Medium,High,Very High,Very High,Resume tailoring (JD match),practice-from-your-resume,practice-from-your-resume.png,tailoring-checklist-per-application; how-to-read-your-ats-report
854,Generating a Cover Letter That Matches the Posting,generate cover letter from job posting,Transactional,Resume Tailoring,Active applicants,All,Tier 1,Medium,High,Very High,Very High,Resume tailoring (JD match),cover-letter-from-the-posting,cover-letter-from-the-posting.png,tailoring-checklist-per-application; how-to-read-your-ats-report
855,Bank Teller Resume: What to Put First and What to Cut,bank teller resume,Informational,Resume Examples,Bank Teller applicants,Entry-level,Tier 2,Medium,Medium,High,High,Resume tailoring (JD match),bank-teller-resume-guide,bank-teller-resume-guide.png,what-belongs-in-skills; duty-into-achievement
856,Loan Officer Resume: What to Put First and What to Cut,loan officer resume,Informational,Resume Examples,Loan Officer applicants,Mid-career,Tier 2,Medium,Medium,High,High,Resume tailoring (JD match),loan-officer-resume-guide,loan-officer-resume-guide.png,what-belongs-in-skills; duty-into-achievement
857,Financial Advisor Resume: What to Put First and What to Cut,financial advisor resume,Informational,Resume Examples,Financial Advisor applicants,Mid-career,Tier 2,Medium,Medium,High,High,Resume tailoring (JD match),financial-advisor-resume-guide,financial-advisor-resume-guide.png,what-belongs-in-skills; duty-into-achievement
858,Bookkeeper Resume: What to Put First and What to Cut,bookkeeper resume,Informational,Resume Examples,Bookkeeper applicants,Entry-level,Tier 2,Medium,Medium,High,High,Resume tailoring (JD match),bookkeeper-resume-guide,bookkeeper-resume-guide.png,what-belongs-in-skills; duty-into-achievement
859,Payroll Specialist Resume: What to Put First and What to Cut,payroll specialist resume,Informational,Resume Examples,Payroll Specialist applicants,Mid-career,Tier 2,Medium,Medium,High,High,Resume tailoring (JD match),payroll-specialist-resume-guide,payroll-specialist-resume-guide.png,what-belongs-in-skills; duty-into-achievement
860,Billing Specialist Resume: What to Put First and What to Cut,billing specialist resume,Informational,Resume Examples,Billing Specialist applicants,Entry-level,Tier 2,Medium,Medium,High,High,Resume tailoring (JD match),billing-specialist-resume-guide,billing-specialist-resume-guide.png,what-belongs-in-skills; duty-into-achievement
861,Receptionist Resume: What to Put First and What to Cut,receptionist resume,Informational,Resume Examples,Receptionist applicants,Entry-level,Tier 2,Medium,Medium,High,High,Resume tailoring (JD match),receptionist-resume-guide,receptionist-resume-guide.png,what-belongs-in-skills; duty-into-achievement
862,Administrative Coordinator Resume: What to Put First and What to Cut,administrative coordinator resume,Informational,Resume Examples,Administrative Coordinator applicants,Early-career,Tier 2,Medium,Medium,High,High,Resume tailoring (JD match),administrative-coordinator-resume-guide,administrative-coordinator-resume-guide.png,what-belongs-in-skills; duty-into-achievement
863,Facilities Manager Resume: What to Put First and What to Cut,facilities manager resume,Informational,Resume Examples,Facilities Manager applicants,Mid-career,Tier 2,Medium,Medium,High,High,Resume tailoring (JD match),facilities-manager-resume-guide,facilities-manager-resume-guide.png,what-belongs-in-skills; duty-into-achievement
864,Fleet Manager Resume: What to Put First and What to Cut,fleet manager resume,Informational,Resume Examples,Fleet Manager applicants,Mid-career,Tier 2,Medium,Medium,High,High,Resume tailoring (JD match),fleet-manager-resume-guide,fleet-manager-resume-guide.png,what-belongs-in-skills; duty-into-achievement
865,Store Manager Resume: What to Put First and What to Cut,store manager resume,Informational,Resume Examples,Store Manager applicants,Mid-career,Tier 2,Medium,Medium,High,High,Resume tailoring (JD match),store-manager-resume-guide,store-manager-resume-guide.png,what-belongs-in-skills; duty-into-achievement
866,Merchandiser Resume: What to Put First and What to Cut,merchandiser resume,Informational,Resume Examples,Merchandiser applicants,Early-career,Tier 2,Medium,Medium,High,High,Resume tailoring (JD match),merchandiser-resume-guide,merchandiser-resume-guide.png,what-belongs-in-skills; duty-into-achievement
867,Buyer Resume: What to Put First and What to Cut,retail buyer resume,Informational,Resume Examples,Buyer applicants,Mid-career,Tier 2,Medium,Medium,High,High,Resume tailoring (JD match),retail-buyer-resume-guide,retail-buyer-resume-guide.png,what-belongs-in-skills; duty-into-achievement
868,Category Manager Resume: What to Put First and What to Cut,category manager resume,Informational,Resume Examples,Category Manager applicants,Mid-career,Tier 2,Medium,Medium,High,High,Resume tailoring (JD match),category-manager-resume-guide,category-manager-resume-guide.png,what-belongs-in-skills; duty-into-achievement
869,Barista / Café Supervisor Resume: What to Put First and What to Cut,barista resume,Informational,Resume Examples,Barista / Café Supervisor applicants,Entry-level,Tier 2,Medium,Medium,High,High,Resume tailoring (JD match),barista-supervisor-resume-guide,barista-supervisor-resume-guide.png,what-belongs-in-skills; duty-into-achievement
870,Bartender Resume: What to Put First and What to Cut,bartender resume,Informational,Resume Examples,Bartender applicants,Entry-level,Tier 2,Medium,Medium,High,High,Resume tailoring (JD match),bartender-resume-guide,bartender-resume-guide.png,what-belongs-in-skills; duty-into-achievement
871,Housekeeping Supervisor Resume: What to Put First and What to Cut,housekeeping resume,Informational,Resume Examples,Housekeeping Supervisor applicants,Entry-level,Tier 2,Medium,Medium,High,High,Resume tailoring (JD match),housekeeping-supervisor-resume-guide,housekeeping-supervisor-resume-guide.png,what-belongs-in-skills; duty-into-achievement
872,Tour Guide Resume: What to Put First and What to Cut,tour guide resume,Informational,Resume Examples,Tour Guide applicants,Entry-level,Tier 2,Medium,Medium,High,High,Resume tailoring (JD match),tour-guide-resume-guide,tour-guide-resume-guide.png,what-belongs-in-skills; duty-into-achievement
873,Cabin Crew Resume: What to Put First and What to Cut,cabin crew resume,Informational,Resume Examples,Cabin Crew applicants,Entry-level,Tier 2,Medium,Medium,High,High,Resume tailoring (JD match),cabin-crew-resume-guide,cabin-crew-resume-guide.png,what-belongs-in-skills; duty-into-achievement
874,Travel Consultant Resume: What to Put First and What to Cut,travel consultant resume,Informational,Resume Examples,Travel Consultant applicants,Early-career,Tier 2,Medium,Medium,High,High,Resume tailoring (JD match),travel-consultant-resume-guide,travel-consultant-resume-guide.png,what-belongs-in-skills; duty-into-achievement
875,Personal Trainer Resume: What to Put First and What to Cut,personal trainer resume,Informational,Resume Examples,Personal Trainer applicants,Early-career,Tier 2,Medium,Medium,High,High,Resume tailoring (JD match),personal-trainer-resume-guide,personal-trainer-resume-guide.png,what-belongs-in-skills; duty-into-achievement
876,Physiotherapy Assistant Resume: What to Put First and What to Cut,physiotherapy assistant resume,Informational,Resume Examples,Physiotherapy Assistant applicants,Entry-level,Tier 2,Medium,Medium,High,High,Resume tailoring (JD match),physiotherapy-assistant-resume-guide,physiotherapy-assistant-resume-guide.png,what-belongs-in-skills; duty-into-achievement
877,Care Worker Resume: What to Put First and What to Cut,care worker resume,Informational,Resume Examples,Care Worker applicants,Entry-level,Tier 2,Medium,Medium,High,High,Resume tailoring (JD match),care-worker-resume-guide,care-worker-resume-guide.png,what-belongs-in-skills; duty-into-achievement
878,Childcare Worker Resume: What to Put First and What to Cut,childcare resume,Informational,Resume Examples,Childcare Worker applicants,Entry-level,Tier 2,Medium,Medium,High,High,Resume tailoring (JD match),childcare-worker-resume-guide,childcare-worker-resume-guide.png,what-belongs-in-skills; duty-into-achievement
879,School Counselor Resume: What to Put First and What to Cut,school counselor resume,Informational,Resume Examples,School Counselor applicants,Mid-career,Tier 2,Medium,Medium,High,High,Resume tailoring (JD match),school-counselor-resume-guide,school-counselor-resume-guide.png,what-belongs-in-skills; duty-into-achievement
880,Academic Advisor Resume: What to Put First and What to Cut,academic advisor resume,Informational,Resume Examples,Academic Advisor applicants,Mid-career,Tier 2,Medium,Medium,High,High,Resume tailoring (JD match),academic-advisor-resume-guide,academic-advisor-resume-guide.png,what-belongs-in-skills; duty-into-achievement
881,Admissions Officer Resume: What to Put First and What to Cut,admissions officer resume,Informational,Resume Examples,Admissions Officer applicants,Mid-career,Tier 2,Medium,Medium,High,High,Resume tailoring (JD match),admissions-officer-resume-guide,admissions-officer-resume-guide.png,what-belongs-in-skills; duty-into-achievement
882,Museum Curator Resume: What to Put First and What to Cut,curator resume,Informational,Resume Examples,Museum Curator applicants,Mid-career,Tier 2,Medium,Medium,High,High,Resume tailoring (JD match),museum-curator-resume-guide,museum-curator-resume-guide.png,what-belongs-in-skills; duty-into-achievement
883,Archivist Resume: What to Put First and What to Cut,archivist resume,Informational,Resume Examples,Archivist applicants,Mid-career,Tier 2,Medium,Medium,High,High,Resume tailoring (JD match),archivist-resume-guide,archivist-resume-guide.png,what-belongs-in-skills; duty-into-achievement
884,Translator Resume: What to Put First and What to Cut,translator resume,Informational,Resume Examples,Translator applicants,Mid-career,Tier 2,Medium,Medium,High,High,Resume tailoring (JD match),translator-resume-guide,translator-resume-guide.png,what-belongs-in-skills; duty-into-achievement
885,Interpreter Resume: What to Put First and What to Cut,interpreter resume,Informational,Resume Examples,Interpreter applicants,Mid-career,Tier 2,Medium,Medium,High,High,Resume tailoring (JD match),interpreter-resume-guide,interpreter-resume-guide.png,what-belongs-in-skills; duty-into-achievement
886,Editor Resume: What to Put First and What to Cut,editor resume,Informational,Resume Examples,Editor applicants,Mid-career,Tier 2,Medium,Medium,High,High,Resume tailoring (JD match),editor-resume-guide,editor-resume-guide.png,what-belongs-in-skills; duty-into-achievement
887,Proofreader Resume: What to Put First and What to Cut,proofreader resume,Informational,Resume Examples,Proofreader applicants,Early-career,Tier 2,Medium,Medium,High,High,Resume tailoring (JD match),proofreader-resume-guide,proofreader-resume-guide.png,what-belongs-in-skills; duty-into-achievement
888,Social Media Coordinator Resume: What to Put First and What to Cut,social media coordinator resume,Informational,Resume Examples,Social Media Coordinator applicants,Entry-level,Tier 2,Medium,Medium,High,High,Resume tailoring (JD match),social-media-coordinator-resume-guide,social-media-coordinator-resume-guide.png,what-belongs-in-skills; duty-into-achievement
889,Community Manager Resume: What to Put First and What to Cut,community manager resume,Informational,Resume Examples,Community Manager applicants,Mid-career,Tier 2,Medium,Medium,High,High,Resume tailoring (JD match),community-manager-resume-guide,community-manager-resume-guide.png,what-belongs-in-skills; duty-into-achievement
890,Podcast Producer Resume: What to Put First and What to Cut,podcast producer resume,Informational,Resume Examples,Podcast Producer applicants,Mid-career,Tier 2,Medium,Medium,High,High,Resume tailoring (JD match),podcast-producer-resume-guide,podcast-producer-resume-guide.png,what-belongs-in-skills; duty-into-achievement
891,Sound Engineer Resume: What to Put First and What to Cut,sound engineer resume,Informational,Resume Examples,Sound Engineer applicants,Mid-career,Tier 2,Medium,Medium,High,High,Resume tailoring (JD match),sound-engineer-resume-guide,sound-engineer-resume-guide.png,what-belongs-in-skills; duty-into-achievement
892,Broadcast Technician Resume: What to Put First and What to Cut,broadcast technician resume,Informational,Resume Examples,Broadcast Technician applicants,Mid-career,Tier 2,Medium,Medium,High,High,Resume tailoring (JD match),broadcast-technician-resume-guide,broadcast-technician-resume-guide.png,what-belongs-in-skills; duty-into-achievement
893,Film Production Assistant Resume: What to Put First and What to Cut,production assistant resume,Informational,Resume Examples,Film Production Assistant applicants,Entry-level,Tier 2,Medium,Medium,High,High,Resume tailoring (JD match),film-production-assistant-resume-guide,film-production-assistant-resume-guide.png,what-belongs-in-skills; duty-into-achievement
894,Stage Manager Resume: What to Put First and What to Cut,stage manager resume,Informational,Resume Examples,Stage Manager applicants,Mid-career,Tier 2,Medium,Medium,High,High,Resume tailoring (JD match),stage-manager-resume-guide,stage-manager-resume-guide.png,what-belongs-in-skills; duty-into-achievement
895,Agricultural Technician Resume: What to Put First and What to Cut,agricultural technician resume,Informational,Resume Examples,Agricultural Technician applicants,Entry-level,Tier 2,Medium,Medium,High,High,Resume tailoring (JD match),agricultural-technician-resume-guide,agricultural-technician-resume-guide.png,what-belongs-in-skills; duty-into-achievement
896,Food Safety Inspector Resume: What to Put First and What to Cut,food safety inspector resume,Informational,Resume Examples,Food Safety Inspector applicants,Mid-career,Tier 2,Medium,Medium,High,High,Resume tailoring (JD match),food-safety-inspector-resume-guide,food-safety-inspector-resume-guide.png,what-belongs-in-skills; duty-into-achievement
897,Laboratory Analyst Resume: What to Put First and What to Cut,laboratory analyst resume,Informational,Resume Examples,Laboratory Analyst applicants,Early-career,Tier 2,Medium,Medium,High,High,Resume tailoring (JD match),laboratory-analyst-resume-guide,laboratory-analyst-resume-guide.png,what-belongs-in-skills; duty-into-achievement
898,Quality Control Inspector Resume: What to Put First and What to Cut,quality control inspector resume,Informational,Resume Examples,Quality Control Inspector applicants,Early-career,Tier 2,Medium,Medium,High,High,Resume tailoring (JD match),quality-control-inspector-resume-guide,quality-control-inspector-resume-guide.png,what-belongs-in-skills; duty-into-achievement
899,Surveyor Resume: What to Put First and What to Cut,surveyor resume,Informational,Resume Examples,Surveyor applicants,Mid-career,Tier 2,Medium,Medium,High,High,Resume tailoring (JD match),surveyor-resume-guide,surveyor-resume-guide.png,what-belongs-in-skills; duty-into-achievement
900,Estimator Resume: What to Put First and What to Cut,estimator resume,Informational,Resume Examples,Estimator applicants,Mid-career,Tier 2,Medium,Medium,High,High,Resume tailoring (JD match),estimator-resume-guide,estimator-resume-guide.png,what-belongs-in-skills; duty-into-achievement
901,Health and Safety Officer Resume: What to Put First and What to Cut,health and safety officer resume,Informational,Resume Examples,Health and Safety Officer applicants,Mid-career,Tier 2,Medium,Medium,High,High,Resume tailoring (JD match),health-safety-officer-resume-guide,health-safety-officer-resume-guide.png,what-belongs-in-skills; duty-into-achievement
902,Energy Analyst Resume: What to Put First and What to Cut,energy analyst resume,Informational,Resume Examples,Energy Analyst applicants,Mid-career,Tier 2,Medium,Medium,High,High,Resume tailoring (JD match),energy-analyst-resume-guide,energy-analyst-resume-guide.png,what-belongs-in-skills; duty-into-achievement
903,Marine Engineer Resume: What to Put First and What to Cut,marine engineer resume,Informational,Resume Examples,Marine Engineer applicants,Mid-career,Tier 2,Medium,Medium,High,High,Resume tailoring (JD match),marine-engineer-resume-guide,marine-engineer-resume-guide.png,what-belongs-in-skills; duty-into-achievement
904,Mining Engineer Resume: What to Put First and What to Cut,mining engineer resume,Informational,Resume Examples,Mining Engineer applicants,Mid-career,Tier 2,Medium,Medium,High,High,Resume tailoring (JD match),mining-engineer-resume-guide,mining-engineer-resume-guide.png,what-belongs-in-skills; duty-into-achievement
905,The Resume Mistake That Costs the Most Interviews,biggest resume mistake,Informational,Resume Writing,Active applicants,All,Tier 1,Medium,High,High,Very High,ATS score + scan,costliest-resume-mistake,costliest-resume-mistake.png,what-to-delete-from-resume; diagnosing-a-resume-that-fails
906,Mistakes on a Fresher Resume,fresher resume mistakes,Informational,Resume Writing,Active applicants,All,Tier 1,Medium,High,High,Very High,ATS score + scan,fresher-resume-mistakes,fresher-resume-mistakes.png,what-to-delete-from-resume; diagnosing-a-resume-that-fails
907,Mistakes on a Senior Resume,senior resume mistakes,Informational,Resume Writing,Active applicants,All,Tier 1,Medium,High,High,Very High,ATS score + scan,senior-resume-mistakes,senior-resume-mistakes.png,what-to-delete-from-resume; diagnosing-a-resume-that-fails
908,Mistakes Career Changers Repeat,career change resume mistakes,Informational,Resume Writing,Active applicants,All,Tier 1,Medium,High,High,Very High,ATS score + scan,career-changer-mistakes,career-changer-mistakes.png,what-to-delete-from-resume; diagnosing-a-resume-that-fails
909,Mistakes on a Technical Resume,technical resume mistakes,Informational,Resume Writing,Active applicants,All,Tier 1,Medium,High,High,Very High,ATS score + scan,technical-resume-mistakes,technical-resume-mistakes.png,what-to-delete-from-resume; diagnosing-a-resume-that-fails
910,Mistakes on a Creative Resume,creative resume mistakes,Informational,Resume Writing,Active applicants,All,Tier 2,Low,Medium,High,High,ATS score + scan,creative-resume-mistakes,creative-resume-mistakes.png,what-to-delete-from-resume; diagnosing-a-resume-that-fails
911,Mistakes in a Resume Summary,resume summary mistakes,Informational,Resume Writing,Active applicants,All,Tier 1,Medium,High,High,Very High,ATS score + scan,resume-summary-mistakes,resume-summary-mistakes.png,what-to-delete-from-resume; diagnosing-a-resume-that-fails
912,Mistakes in a Skills Section,skills section mistakes,Informational,Resume Writing,Active applicants,All,Tier 1,Medium,High,High,Very High,ATS score + scan,skills-section-mistakes,skills-section-mistakes.png,what-to-delete-from-resume; diagnosing-a-resume-that-fails
913,Mistakes in the Experience Section,experience section mistakes,Informational,Resume Writing,Active applicants,All,Tier 1,Medium,High,High,Very High,ATS score + scan,experience-section-mistakes,experience-section-mistakes.png,what-to-delete-from-resume; diagnosing-a-resume-that-fails
914,Mistakes in Formatting That Look Fine to You,resume formatting mistakes,Informational,Resume Writing,Active applicants,All,Tier 1,Medium,High,High,Very High,ATS score + scan,formatting-mistakes-you-miss,formatting-mistakes-you-miss.png,what-to-delete-from-resume; diagnosing-a-resume-that-fails
915,Grammar Errors Recruiters Notice Immediately,resume grammar mistakes,Informational,Resume Writing,Active applicants,All,Tier 2,Low,Medium,High,High,ATS score + scan,grammar-errors-recruiters-notice,grammar-errors-recruiters-notice.png,what-to-delete-from-resume; diagnosing-a-resume-that-fails
916,Tense and Consistency Errors Across Jobs,resume tense mistakes,Informational,Resume Writing,Active applicants,All,Tier 2,Low,Medium,High,High,ATS score + scan,tense-consistency-errors,tense-consistency-errors.png,what-to-delete-from-resume; diagnosing-a-resume-that-fails
917,Overclaiming: The Line Between Confident and False,overclaiming on resume,Informational,Resume Writing,Active applicants,All,Tier 1,Medium,High,High,Very High,ATS score + scan,overclaiming-on-a-resume,overclaiming-on-a-resume.png,what-to-delete-from-resume; diagnosing-a-resume-that-fails
918,Underselling: The More Common Problem,underselling on resume,Informational,Resume Writing,Active applicants,All,Tier 1,Medium,High,High,Very High,ATS score + scan,underselling-yourself,underselling-yourself.png,what-to-delete-from-resume; diagnosing-a-resume-that-fails
919,Copying a Template Without Adapting It,template copying mistake,Informational,Resume Writing,Active applicants,All,Tier 2,Low,Medium,High,High,ATS score + scan,copying-a-template-badly,copying-a-template-badly.png,what-to-delete-from-resume; diagnosing-a-resume-that-fails
920,Using the Same Resume for Every Application,same resume every job mistake,Informational,Resume Writing,Active applicants,All,Tier 1,Medium,High,High,Very High,ATS score + scan,one-resume-for-everything,one-resume-for-everything.png,what-to-delete-from-resume; diagnosing-a-resume-that-fails
921,Ignoring the Job Description Entirely,ignoring job description,Informational,Resume Writing,Active applicants,All,Tier 1,Medium,High,High,Very High,ATS score + scan,ignoring-the-jd,ignoring-the-jd.png,what-to-delete-from-resume; diagnosing-a-resume-that-fails
922,Listing Every Job You've Ever Had,listing every job mistake,Informational,Resume Writing,Active applicants,All,Tier 1,Medium,High,High,Very High,ATS score + scan,listing-every-job-ever,listing-every-job-ever.png,what-to-delete-from-resume; diagnosing-a-resume-that-fails
923,Writing for Yourself Instead of the Reader,resume written for yourself,Informational,Resume Writing,Active applicants,All,Tier 2,Low,Medium,High,High,ATS score + scan,writing-for-yourself-not-reader,writing-for-yourself-not-reader.png,what-to-delete-from-resume; diagnosing-a-resume-that-fails
924,Burying the Best Thing You've Done,burying your best achievement,Informational,Resume Writing,Active applicants,All,Tier 1,Medium,High,High,Very High,ATS score + scan,burying-your-best-work,burying-your-best-work.png,what-to-delete-from-resume; diagnosing-a-resume-that-fails
925,Leading With Education When You Shouldn't,education first mistake,Informational,Resume Writing,Active applicants,All,Tier 2,Low,Medium,High,High,ATS score + scan,leading-with-education-wrongly,leading-with-education-wrongly.png,what-to-delete-from-resume; diagnosing-a-resume-that-fails
926,Forgetting to Update the Summary After Tailoring,summary not updated tailoring,Informational,Resume Writing,Active applicants,All,Tier 2,Low,Medium,High,High,ATS score + scan,forgetting-the-summary,forgetting-the-summary.png,what-to-delete-from-resume; diagnosing-a-resume-that-fails
927,Sending the Wrong Version,sent wrong resume version,Informational,Resume Writing,Active applicants,All,Tier 2,Low,Medium,High,High,ATS score + scan,sending-the-wrong-version,sending-the-wrong-version.png,what-to-delete-from-resume; diagnosing-a-resume-that-fails
928,Leaving Another Company's Name in the Letter,wrong company name cover letter,Informational,Resume Writing,Active applicants,All,Tier 2,Low,Medium,High,High,ATS score + scan,wrong-company-name-left-in,wrong-company-name-left-in.png,what-to-delete-from-resume; diagnosing-a-resume-that-fails
929,Broken or Dead Links on a Resume,broken link on resume,Informational,Resume Writing,Active applicants,All,Tier 2,Low,Medium,High,High,ATS score + scan,broken-links-on-resume,broken-links-on-resume.png,what-to-delete-from-resume; diagnosing-a-resume-that-fails
930,A Portfolio Link Behind a Login,portfolio link requires login,Informational,Resume Writing,Active applicants,All,Tier 2,Low,Medium,High,High,ATS score + scan,portfolio-behind-a-login,portfolio-behind-a-login.png,what-to-delete-from-resume; diagnosing-a-resume-that-fails
931,Filename Mistakes That Reach the Recruiter,resume filename mistake,Informational,Resume Writing,Active applicants,All,Tier 3,Low,Medium,Medium,High,ATS score + scan,filename-mistakes,filename-mistakes.png,what-to-delete-from-resume; diagnosing-a-resume-that-fails
932,Mistakes When Applying From a Phone,applying from phone mistakes,Informational,Resume Writing,Active applicants,All,Tier 2,Low,Medium,High,High,ATS score + scan,applying-from-your-phone,applying-from-your-phone.png,what-to-delete-from-resume; diagnosing-a-resume-that-fails
933,"Mistakes in the Application Form, Not the Resume",application form mistakes,Informational,Resume Writing,Active applicants,All,Tier 2,Low,Medium,High,High,ATS score + scan,application-form-mistakes,application-form-mistakes.png,what-to-delete-from-resume; diagnosing-a-resume-that-fails
934,Mistakes That Only Show Up in the ATS,mistakes only ats sees,Informational,Resume Writing,Active applicants,All,Tier 1,Medium,High,High,Very High,ATS score + scan,mistakes-only-the-ats-sees,mistakes-only-the-ats-sees.png,what-to-delete-from-resume; diagnosing-a-resume-that-fails
935,Should I Put My Photo on My Resume?,should i put photo on resume,Informational,Resume Sections,Job seekers,All,Tier 2,Low,Medium,High,High,ATS score + scan,should-i-put-my-photo-on-my-resume,should-i-put-my-photo-on-my-resume.png,diagnosing-a-resume-that-fails; tailoring-checklist-per-application
936,Should I Include a Cover Letter If It's Optional?,cover letter optional should i,Informational,Cover Letters,Job seekers,All,Tier 1,Medium,High,High,Very High,ATS score + scan,should-i-include-a-cover-letter-if-its-optional,should-i-include-a-cover-letter-if-its-optional.png,diagnosing-a-resume-that-fails; tailoring-checklist-per-application
937,Should I Apply if the Posting Is Two Months Old?,old job posting apply,Informational,Job Search Strategy,Job seekers,All,Tier 2,Low,Medium,High,High,ATS score + scan,should-i-apply-if-the-posting-is-two-months-old,should-i-apply-if-the-posting-is-two-months-old.png,diagnosing-a-resume-that-fails; tailoring-checklist-per-application
938,Should I Follow Up After Applying?,should i follow up after applying,Informational,Job Search Strategy,Job seekers,All,Tier 2,Low,Medium,High,High,ATS score + scan,should-i-follow-up-after-applying,should-i-follow-up-after-applying.png,diagnosing-a-resume-that-fails; tailoring-checklist-per-application
939,Should I Put My Current Job if I Just Started?,new job on resume already applying,Informational,Resume Sections,Job seekers,All,Tier 2,Low,Medium,High,High,ATS score + scan,should-i-put-my-current-job-if-i-just-started,should-i-put-my-current-job-if-i-just-started.png,diagnosing-a-resume-that-fails; tailoring-checklist-per-application
940,Should I List a Job I Was Only At for a Month?,one month job on resume,Informational,Resume Sections,Job seekers,All,Tier 2,Low,Medium,High,High,ATS score + scan,should-i-list-a-job-i-was-only-at-for-a-month,should-i-list-a-job-i-was-only-at-for-a-month.png,diagnosing-a-resume-that-fails; tailoring-checklist-per-application
941,Should I Remove Jobs From Fifteen Years Ago?,remove old jobs resume,Informational,Resume Tailoring,Job seekers,All,Tier 1,Medium,High,High,Very High,ATS score + scan,should-i-remove-jobs-from-fifteen-years-ago,should-i-remove-jobs-from-fifteen-years-ago.png,diagnosing-a-resume-that-fails; tailoring-checklist-per-application
942,Should I Include Salary History?,salary history on resume,Informational,Resume Sections,Job seekers,All,Tier 3,Low,Medium,Medium,High,ATS score + scan,should-i-include-salary-history,should-i-include-salary-history.png,diagnosing-a-resume-that-fails; tailoring-checklist-per-application
943,Should I Mention I Was Laid Off?,mention layoff on resume,Informational,Career Gaps & Setbacks,Job seekers,All,Tier 1,Medium,High,High,Very High,ATS score + scan,should-i-mention-i-was-laid-off,should-i-mention-i-was-laid-off.png,diagnosing-a-resume-that-fails; tailoring-checklist-per-application
944,Should I Explain Why I Left Each Job?,reason for leaving on resume,Informational,Resume Sections,Job seekers,All,Tier 2,Low,Medium,High,High,ATS score + scan,should-i-explain-why-i-left-each-job,should-i-explain-why-i-left-each-job.png,diagnosing-a-resume-that-fails; tailoring-checklist-per-application
945,Should I Use a Resume Template or Start Blank?,template or blank resume,Informational,Resume Writing,Job seekers,All,Tier 1,Medium,High,High,Very High,ATS score + scan,should-i-use-a-resume-template-or-start-blank,should-i-use-a-resume-template-or-start-blank.png,diagnosing-a-resume-that-fails; tailoring-checklist-per-application
946,Should I Have More Than One Resume?,multiple resumes,Informational,Resume Tailoring,Job seekers,All,Tier 1,Medium,High,High,Very High,ATS score + scan,should-i-have-more-than-one-resume,should-i-have-more-than-one-resume.png,diagnosing-a-resume-that-fails; tailoring-checklist-per-application
947,Should My Resume Match My LinkedIn Word for Word?,resume linkedin identical,Informational,LinkedIn & Personal Branding,Job seekers,All,Tier 1,Medium,High,High,Very High,ATS score + scan,should-my-resume-match-my-linkedin-word-for-word,should-my-resume-match-my-linkedin-word-for-word.png,diagnosing-a-resume-that-fails; tailoring-checklist-per-application
948,Should I Add a Skills Bar Chart?,skills chart resume,Informational,Resume Sections,Job seekers,All,Tier 3,Low,Medium,Medium,High,ATS score + scan,should-i-add-a-skills-bar-chart,should-i-add-a-skills-bar-chart.png,diagnosing-a-resume-that-fails; tailoring-checklist-per-application
949,Should I Write in Third Person?,third person resume,Informational,Resume Writing,Job seekers,All,Tier 3,Low,Medium,Medium,High,ATS score + scan,should-i-write-in-third-person,should-i-write-in-third-person.png,diagnosing-a-resume-that-fails; tailoring-checklist-per-application
950,Should I Include an Objective in 2026?,resume objective still needed,Informational,Resume Sections,Job seekers,All,Tier 1,Medium,High,High,Very High,ATS score + scan,should-i-include-an-objective-in-2026,should-i-include-an-objective-in-2026.png,diagnosing-a-resume-that-fails; tailoring-checklist-per-application
951,Should I Put 'Available Immediately'?,available immediately resume,Informational,Resume Sections,Job seekers,All,Tier 3,Low,Medium,Medium,High,ATS score + scan,should-i-put-available-immediately,should-i-put-available-immediately.png,diagnosing-a-resume-that-fails; tailoring-checklist-per-application
952,Should I List Every Technology I've Touched?,list every technology resume,Informational,Resume Sections,Job seekers,All,Tier 1,Medium,High,High,Very High,ATS score + scan,should-i-list-every-technology-ive-touched,should-i-list-every-technology-ive-touched.png,diagnosing-a-resume-that-fails; tailoring-checklist-per-application
953,Should I Include Failed Certifications in Progress?,in progress certification list,Informational,Resume Sections,Job seekers,All,Tier 3,Low,Medium,Medium,High,ATS score + scan,should-i-include-failed-certifications-in-progress,should-i-include-failed-certifications-in-progress.png,diagnosing-a-resume-that-fails; tailoring-checklist-per-application
954,Should I Put My Degree if I Never Finished?,unfinished degree list or not,Informational,Resume Sections,Job seekers,All,Tier 2,Low,Medium,High,High,ATS score + scan,should-i-put-my-degree-if-i-never-finished,should-i-put-my-degree-if-i-never-finished.png,diagnosing-a-resume-that-fails; tailoring-checklist-per-application
955,Should I Round Up My Years of Experience?,round up years experience,Informational,ATS Optimization,Job seekers,All,Tier 2,Low,Medium,High,High,ATS score + scan,should-i-round-up-my-years-of-experience,should-i-round-up-my-years-of-experience.png,diagnosing-a-resume-that-fails; tailoring-checklist-per-application
956,Should I Use the Company's Keywords Exactly?,copy keywords from job posting,Informational,ATS Optimization,Job seekers,All,Tier 1,Medium,High,High,Very High,ATS score + scan,should-i-use-the-companys-keywords-exactly,should-i-use-the-companys-keywords-exactly.png,diagnosing-a-resume-that-fails; tailoring-checklist-per-application
957,Should I Send a PDF or Let Them Choose?,pdf or docx send,Informational,ATS Optimization,Job seekers,All,Tier 1,Medium,High,High,Very High,ATS score + scan,should-i-send-a-pdf-or-let-them-choose,should-i-send-a-pdf-or-let-them-choose.png,diagnosing-a-resume-that-fails; tailoring-checklist-per-application
958,Should I Apply to Multiple Roles at One Company?,apply multiple roles same company,Informational,Job Search Strategy,Job seekers,All,Tier 2,Low,Medium,High,High,ATS score + scan,should-i-apply-to-multiple-roles-at-one-company,should-i-apply-to-multiple-roles-at-one-company.png,diagnosing-a-resume-that-fails; tailoring-checklist-per-application
959,Should I Tell My Current Employer I'm Looking?,tell employer job searching,Informational,Job Search Strategy,Job seekers,All,Tier 3,Low,Medium,Medium,High,ATS score + scan,should-i-tell-my-current-employer-im-looking,should-i-tell-my-current-employer-im-looking.png,diagnosing-a-resume-that-fails; tailoring-checklist-per-application
960,Who Should I Ask to Be a Reference?,who to ask for a reference,Informational,Resume Sections,Job seekers,All,Tier 2,Low,Medium,High,High,ATS score + scan,who-should-i-ask-to-be-a-reference,who-should-i-ask-to-be-a-reference.png,diagnosing-a-resume-that-fails; tailoring-checklist-per-application
961,Should I Include Volunteer Work if It's Unrelated?,unrelated volunteer work resume,Informational,Resume Sections,Job seekers,All,Tier 3,Low,Medium,Medium,High,ATS score + scan,should-i-include-volunteer-work-if-its-unrelated,should-i-include-volunteer-work-if-its-unrelated.png,diagnosing-a-resume-that-fails; tailoring-checklist-per-application
962,Should I List My Certifications Before Education?,certifications before education,Informational,Resume Sections,Job seekers,All,Tier 2,Low,Medium,High,High,ATS score + scan,should-i-list-my-certifications-before-education,should-i-list-my-certifications-before-education.png,diagnosing-a-resume-that-fails; tailoring-checklist-per-application
963,Should I Bold Keywords in My Resume?,bold keywords resume,Informational,ATS Optimization,Job seekers,All,Tier 2,Low,Medium,High,High,ATS score + scan,should-i-bold-keywords-in-my-resume,should-i-bold-keywords-in-my-resume.png,diagnosing-a-resume-that-fails; tailoring-checklist-per-application
964,Should I Use Colour on an ATS Resume?,colour on ats resume,Informational,ATS Optimization,Job seekers,All,Tier 2,Low,Medium,High,High,ATS score + scan,should-i-use-colour-on-an-ats-resume,should-i-use-colour-on-an-ats-resume.png,diagnosing-a-resume-that-fails; tailoring-checklist-per-application
965,Is a Two-Page Resume Ever Wrong?,two page resume bad,Informational,Resume Writing,Job seekers,All,Tier 1,Medium,High,High,Very High,ATS score + scan,is-a-two-page-resume-ever-wrong,is-a-two-page-resume-ever-wrong.png,diagnosing-a-resume-that-fails; tailoring-checklist-per-application
966,Is It Worth Applying Without All the Requirements?,apply without all requirements,Informational,Resume Tailoring,Job seekers,All,Tier 1,Medium,High,High,Very High,ATS score + scan,is-it-worth-applying-without-all-the-requirements,is-it-worth-applying-without-all-the-requirements.png,diagnosing-a-resume-that-fails; tailoring-checklist-per-application
967,Is My Resume Too Long for My Experience Level?,resume too long for experience,Informational,Resume Writing,Job seekers,All,Tier 1,Medium,High,High,Very High,ATS score + scan,is-my-resume-too-long-for-my-experience-level,is-my-resume-too-long-for-my-experience-level.png,diagnosing-a-resume-that-fails; tailoring-checklist-per-application
968,Is a Career Gap Still a Problem in 2026?,career gap still matters,Informational,Career Gaps & Setbacks,Job seekers,All,Tier 1,Medium,High,High,Very High,ATS score + scan,is-a-career-gap-still-a-problem-in-2026,is-a-career-gap-still-a-problem-in-2026.png,diagnosing-a-resume-that-fails; tailoring-checklist-per-application
969,Is It Bad to Have Three Jobs in Three Years?,three jobs three years,Informational,Career Gaps & Setbacks,Job seekers,All,Tier 1,Medium,High,High,Very High,ATS score + scan,is-it-bad-to-have-three-jobs-in-three-years,is-it-bad-to-have-three-jobs-in-three-years.png,diagnosing-a-resume-that-fails; tailoring-checklist-per-application
970,Do Recruiters Actually Read Cover Letters?,recruiters read cover letters,Informational,Cover Letters,Job seekers,All,Tier 1,Medium,High,High,Very High,ATS score + scan,do-recruiters-actually-read-cover-letters,do-recruiters-actually-read-cover-letters.png,diagnosing-a-resume-that-fails; tailoring-checklist-per-application
971,Do Recruiters Check Your LinkedIn Before Calling?,recruiters check linkedin,Informational,LinkedIn & Personal Branding,Job seekers,All,Tier 2,Low,Medium,High,High,ATS score + scan,do-recruiters-check-your-linkedin-before-calling,do-recruiters-check-your-linkedin-before-calling.png,diagnosing-a-resume-that-fails; tailoring-checklist-per-application
972,Do Employers Verify Everything on a Resume?,employers verify resume,Informational,ATS Optimization,Job seekers,All,Tier 1,Medium,High,High,Very High,ATS score + scan,do-employers-verify-everything-on-a-resume,do-employers-verify-everything-on-a-resume.png,diagnosing-a-resume-that-fails; tailoring-checklist-per-application
973,Do Small Companies Use an ATS?,small companies ats,Informational,ATS Optimization,Job seekers,All,Tier 2,Low,Medium,High,High,ATS score + scan,do-small-companies-use-an-ats,do-small-companies-use-an-ats.png,diagnosing-a-resume-that-fails; tailoring-checklist-per-application
974,Does a Referral Skip the ATS?,referral skip ats,Informational,ATS Optimization,Job seekers,All,Tier 1,Medium,High,High,Very High,ATS score + scan,does-a-referral-skip-the-ats,does-a-referral-skip-the-ats.png,diagnosing-a-resume-that-fails; tailoring-checklist-per-application
975,Does Applying on Weekends Matter?,apply on weekend,Informational,Job Search Strategy,Job seekers,All,Tier 3,Low,Medium,Medium,High,ATS score + scan,does-applying-on-weekends-matter,does-applying-on-weekends-matter.png,diagnosing-a-resume-that-fails; tailoring-checklist-per-application
976,Does a Longer Resume Rank Higher?,longer resume better ats,Informational,ATS Optimization,Job seekers,All,Tier 2,Low,Medium,High,High,ATS score + scan,does-a-longer-resume-rank-higher,does-a-longer-resume-rank-higher.png,diagnosing-a-resume-that-fails; tailoring-checklist-per-application
977,Can I Use One Resume for Two Industries?,one resume two industries,Informational,Resume Tailoring,Job seekers,All,Tier 1,Medium,High,High,Very High,ATS score + scan,can-i-use-one-resume-for-two-industries,can-i-use-one-resume-for-two-industries.png,diagnosing-a-resume-that-fails; tailoring-checklist-per-application
978,Can I Leave a Job Off My Resume?,leave job off resume,Informational,Resume Sections,Job seekers,All,Tier 1,Medium,High,High,Very High,ATS score + scan,can-i-leave-a-job-off-my-resume,can-i-leave-a-job-off-my-resume.png,diagnosing-a-resume-that-fails; tailoring-checklist-per-application
979,Can I Change My Job Title to Match the Posting?,change job title match posting,Informational,ATS Optimization,Job seekers,All,Tier 1,Medium,High,High,Very High,ATS score + scan,can-i-change-my-job-title-to-match-the-posting,can-i-change-my-job-title-to-match-the-posting.png,diagnosing-a-resume-that-fails; tailoring-checklist-per-application
980,Can AI Write a Resume That Passes ATS?,ai resume pass ats,Informational,AI & Careers,Job seekers,All,Tier 1,Medium,High,High,Very High,ATS score + scan,can-ai-write-a-resume-that-passes-ats,can-ai-write-a-resume-that-passes-ats.png,diagnosing-a-resume-that-fails; tailoring-checklist-per-application
981,How Long Should I Wait Before Following Up?,how long wait follow up,Informational,Job Search Strategy,Job seekers,All,Tier 2,Low,Medium,High,High,ATS score + scan,how-long-should-i-wait-before-following-up,how-long-should-i-wait-before-following-up.png,diagnosing-a-resume-that-fails; tailoring-checklist-per-application
982,How Many Jobs Should Be on a Resume?,how many jobs on resume,Informational,Resume Sections,Job seekers,All,Tier 1,Medium,High,High,Very High,ATS score + scan,how-many-jobs-should-be-on-a-resume,how-many-jobs-should-be-on-a-resume.png,diagnosing-a-resume-that-fails; tailoring-checklist-per-application
983,How Many Skills Should I List?,how many skills on resume,Informational,Resume Sections,Job seekers,All,Tier 1,Medium,High,High,Very High,ATS score + scan,how-many-skills-should-i-list,how-many-skills-should-i-list.png,diagnosing-a-resume-that-fails; tailoring-checklist-per-application
984,How Recent Do Certifications Need to Be?,how recent certifications,Informational,Resume Sections,Job seekers,All,Tier 3,Low,Medium,Medium,High,ATS score + scan,how-recent-do-certifications-need-to-be,how-recent-do-certifications-need-to-be.png,diagnosing-a-resume-that-fails; tailoring-checklist-per-application
985,How Do I Know if My Resume Is Actually Good?,is my resume good,Informational,ATS Optimization,Job seekers,All,Tier 1,Medium,High,High,Very High,ATS score + scan,how-do-i-know-if-my-resume-is-actually-good,how-do-i-know-if-my-resume-is-actually-good.png,diagnosing-a-resume-that-fails; tailoring-checklist-per-application
986,What Do Recruiters Look at First?,what recruiters look at first,Informational,Resume Writing,Job seekers,All,Tier 1,Medium,High,High,Very High,ATS score + scan,what-do-recruiters-look-at-first,what-do-recruiters-look-at-first.png,diagnosing-a-resume-that-fails; tailoring-checklist-per-application
987,What Makes a Resume Look Cheap?,resume looks unprofessional,Informational,Resume Writing,Job seekers,All,Tier 2,Low,Medium,High,High,ATS score + scan,what-makes-a-resume-look-cheap,what-makes-a-resume-look-cheap.png,diagnosing-a-resume-that-fails; tailoring-checklist-per-application
988,What Makes a Resume Look Senior?,resume looks senior,Informational,Resume Writing,Job seekers,All,Tier 1,Medium,High,High,Very High,ATS score + scan,what-makes-a-resume-look-senior,what-makes-a-resume-look-senior.png,diagnosing-a-resume-that-fails; tailoring-checklist-per-application
989,What Should Never Go on a Resume?,never put on resume,Informational,Resume Writing,Job seekers,All,Tier 1,Medium,High,High,Very High,ATS score + scan,what-should-never-go-on-a-resume,what-should-never-go-on-a-resume.png,diagnosing-a-resume-that-fails; tailoring-checklist-per-application
990,What Counts as Relevant Experience?,what counts as relevant experience,Informational,Resume Tailoring,Job seekers,All,Tier 1,Medium,High,High,Very High,ATS score + scan,what-counts-as-relevant-experience,what-counts-as-relevant-experience.png,diagnosing-a-resume-that-fails; tailoring-checklist-per-application
991,What if My Whole Industry Is Shrinking?,industry declining career change,Informational,Career Change,Job seekers,All,Tier 2,Low,Medium,High,High,ATS score + scan,what-if-my-whole-industry-is-shrinking,what-if-my-whole-industry-is-shrinking.png,diagnosing-a-resume-that-fails; tailoring-checklist-per-application
992,What if I Have No Metrics for Anything?,no metrics for resume,Informational,Resume Bullets & Achievements,Job seekers,All,Tier 1,Medium,High,High,Very High,ATS score + scan,what-if-i-have-no-metrics-for-anything,what-if-i-have-no-metrics-for-anything.png,diagnosing-a-resume-that-fails; tailoring-checklist-per-application
993,What if My Best Work Was Unpaid?,unpaid work on resume,Informational,Resume Sections,Job seekers,All,Tier 2,Low,Medium,High,High,ATS score + scan,what-if-my-best-work-was-unpaid,what-if-my-best-work-was-unpaid.png,diagnosing-a-resume-that-fails; tailoring-checklist-per-application
994,What if I Was the Only Person in My Role?,only person in role resume,Informational,Resume Bullets & Achievements,Job seekers,All,Tier 2,Low,Medium,High,High,ATS score + scan,what-if-i-was-the-only-person-in-my-role,what-if-i-was-the-only-person-in-my-role.png,diagnosing-a-resume-that-fails; tailoring-checklist-per-application
995,What if My Manager Took Credit for My Work?,manager took credit resume,Informational,Resume Bullets & Achievements,Job seekers,All,Tier 2,Low,Medium,High,High,ATS score + scan,what-if-my-manager-took-credit-for-my-work,what-if-my-manager-took-credit-for-my-work.png,diagnosing-a-resume-that-fails; tailoring-checklist-per-application
996,When Should I Rewrite Instead of Edit?,rewrite or edit resume,Informational,Resume Writing,Job seekers,All,Tier 1,Medium,High,High,Very High,ATS score + scan,when-should-i-rewrite-instead-of-edit,when-should-i-rewrite-instead-of-edit.png,diagnosing-a-resume-that-fails; tailoring-checklist-per-application
997,When Is a Resume Too Tailored?,resume too tailored,Informational,Resume Tailoring,Job seekers,All,Tier 2,Low,Medium,High,High,ATS score + scan,when-is-a-resume-too-tailored,when-is-a-resume-too-tailored.png,diagnosing-a-resume-that-fails; tailoring-checklist-per-application
998,When Should I Stop Applying and Fix the Resume?,stop applying fix resume,Informational,ATS Optimization,Job seekers,All,Tier 1,Medium,High,High,Very High,ATS score + scan,when-should-i-stop-applying-and-fix-the-resume,when-should-i-stop-applying-and-fix-the-resume.png,diagnosing-a-resume-that-fails; tailoring-checklist-per-application
999,Where Do I Even Start With a Bad Resume?,where to start bad resume,Informational,Resume Writing,Job seekers,All,Tier 1,Medium,High,High,Very High,ATS score + scan,where-do-i-even-start-with-a-bad-resume,where-do-i-even-start-with-a-bad-resume.png,diagnosing-a-resume-that-fails; tailoring-checklist-per-application
1000,Why Does My Resume Look Different to the Recruiter?,resume looks different recruiter,Informational,ATS Optimization,Job seekers,All,Tier 2,Low,Medium,High,High,ATS score + scan,why-does-my-resume-look-different-to-the-recruiter,why-does-my-resume-look-different-to-the-recruiter.png,diagnosing-a-resume-that-fails; tailoring-checklist-per-application
